{
  "solution": {
    "width": 15,
    "n_circuits": 25,
    "dims": [
      [
        5,
        13
      ],
      [
        4,
        13
      ],
      [
        4,
        12
      ],
      [
        4,
        11
      ],
      [
        3,
        13
      ],
      [
        3,
        11
      ],
      [
        3,
        11
      ],
      [
        3,
        9
      ],
      [
        2,
        13
      ],
      [
        4,
        6
      ],
      [
        2,
        12
      ],
      [
        2,
        11
      ],
      [
        2,
        11
      ],
      [
        3,
        7
      ],
      [
        4,
        5
      ],
      [
        2,
        9
      ],
      [
        5,
        3
      ],
      [
        5,
        3
      ],
      [
        2,
        7
      ],
      [
        2,
        6
      ],
      [
        2,
        5
      ],
      [
        3,
        2
      ],
      [
        2,
        2
      ],
      [
        4,
        1
      ],
      [
        2,
        1
      ]
    ],
    "widths": [
      5,
      4,
      4,
      4,
      3,
      3,
      3,
      3,
      2,
      4,
      2,
      2,
      2,
      3,
      4,
      2,
      5,
      5,
      2,
      2,
      2,
      3,
      2,
      4,
      2
    ],
    "heights": [
      13,
      13,
      12,
      11,
      13,
      11,
      11,
      9,
      13,
      6,
      12,
      11,
      11,
      7,
      5,
      9,
      3,
      3,
      7,
      6,
      5,
      2,
      2,
      1,
      1
    ],
    "x": [
      0,
      4,
      0,
      0,
      4,
      5,
      5,
      8,
      4,
      0,
      8,
      7,
      6,
      8,
      0,
      8,
      0,
      0,
      8,
      2,
      0,
      0,
      3,
      0,
      0
    ],
    "y": [
      28,
      49,
      0,
      12,
      13,
      37,
      26,
      34,
      0,
      56,
      22,
      11,
      0,
      50,
      23,
      0,
      46,
      41,
      43,
      49,
      50,
      44,
      44,
      55,
      49
    ],
    "min_makespan": 40,
    "max_makespan": 66,
    "makespan": 62
  },
  "stats": {
    "paths": 0,
    "flatIntVars": 76,
    "flatIntConstraints": 31,
    "flatTime": 0.0442139,
    "initTime": 0.000463,
    "solveTime": 299.952,
    "solutions": 5,
    "variables": 76,
    "propagators": 33,
    "propagations": 340465633,
    "nodes": 35527928,
    "failures": 17763910,
    "restarts": 0,
    "peakDepth": 103,
    "nSolutions": 1
  },
  "TOTAL_TIME": 300.01,
  "solver": "Gecode",
  "model": "base",
  "data_file": "ins-34"
}