{
  "solution": {
    "width": 30,
    "n_circuits": 20,
    "dims": [
      [
        11,
        30
      ],
      [
        3,
        25
      ],
      [
        3,
        19
      ],
      [
        3,
        16
      ],
      [
        3,
        14
      ],
      [
        3,
        13
      ],
      [
        4,
        9
      ],
      [
        3,
        11
      ],
      [
        4,
        8
      ],
      [
        3,
        10
      ],
      [
        3,
        9
      ],
      [
        3,
        8
      ],
      [
        4,
        6
      ],
      [
        3,
        7
      ],
      [
        3,
        6
      ],
      [
        4,
        4
      ],
      [
        3,
        5
      ],
      [
        3,
        4
      ],
      [
        4,
        3
      ],
      [
        3,
        3
      ]
    ],
    "widths": [
      11,
      3,
      3,
      3,
      3,
      3,
      4,
      3,
      4,
      3,
      3,
      3,
      4,
      3,
      3,
      4,
      3,
      3,
      4,
      3
    ],
    "heights": [
      30,
      25,
      19,
      16,
      14,
      13,
      9,
      11,
      8,
      10,
      9,
      8,
      6,
      7,
      6,
      4,
      5,
      4,
      3,
      3
    ],
    "x": [
      0,
      15,
      24,
      21,
      21,
      18,
      11,
      24,
      11,
      27,
      18,
      18,
      11,
      27,
      27,
      11,
      15,
      27,
      11,
      27
    ],
    "y": [
      0,
      0,
      0,
      0,
      16,
      0,
      0,
      19,
      9,
      0,
      21,
      13,
      17,
      10,
      17,
      26,
      25,
      26,
      23,
      23
    ],
    "min_makespan": 30,
    "max_makespan": 36,
    "makespan": 30
  },
  "stats": {
    "paths": 0,
    "flatIntVars": 61,
    "flatIntConstraints": 26,
    "flatTime": 0.0446647,
    "initTime": 0.000452,
    "solveTime": 8.98327,
    "solutions": 7,
    "variables": 61,
    "propagators": 28,
    "propagations": 6131493,
    "nodes": 1159606,
    "failures": 579771,
    "restarts": 0,
    "peakDepth": 52,
    "nSolutions": 1
  },
  "TOTAL_TIME": 9.04,
  "solver": "Gecode",
  "model": "base",
  "data_file": "ins-23"
}