{
  "solution": {
    "width": 38,
    "n_circuits": 19,
    "dims": [
      [
        24,
        38
      ],
      [
        4,
        16
      ],
      [
        4,
        15
      ],
      [
        4,
        12
      ],
      [
        4,
        11
      ],
      [
        3,
        13
      ],
      [
        3,
        11
      ],
      [
        4,
        8
      ],
      [
        3,
        10
      ],
      [
        3,
        9
      ],
      [
        3,
        8
      ],
      [
        4,
        6
      ],
      [
        3,
        7
      ],
      [
        4,
        5
      ],
      [
        3,
        6
      ],
      [
        3,
        5
      ],
      [
        3,
        4
      ],
      [
        4,
        3
      ],
      [
        3,
        3
      ]
    ],
    "widths": [
      24,
      4,
      4,
      4,
      4,
      3,
      3,
      4,
      3,
      3,
      3,
      4,
      3,
      4,
      3,
      3,
      3,
      4,
      3
    ],
    "heights": [
      38,
      16,
      15,
      12,
      11,
      13,
      11,
      8,
      10,
      9,
      8,
      6,
      7,
      5,
      6,
      5,
      4,
      3,
      3
    ],
    "x": [
      0,
      28,
      28,
      24,
      24,
      32,
      35,
      24,
      32,
      35,
      24,
      34,
      35,
      30,
      34,
      27,
      32,
      30,
      27
    ],
    "y": [
      0,
      0,
      16,
      0,
      12,
      0,
      0,
      23,
      13,
      18,
      31,
      27,
      11,
      31,
      33,
      34,
      23,
      36,
      31
    ],
    "min_makespan": 38,
    "max_makespan": 45,
    "makespan": 39
  },
  "stats": {
    "paths": 0,
    "flatIntVars": 58,
    "flatIntConstraints": 25,
    "flatTime": 0.0460468,
    "initTime": 0.000408,
    "solveTime": 299.949,
    "solutions": 5,
    "variables": 58,
    "propagators": 27,
    "propagations": 389692714,
    "nodes": 41707676,
    "failures": 20853807,
    "restarts": 0,
    "peakDepth": 54,
    "nSolutions": 1
  },
  "TOTAL_TIME": 300.01,
  "solver": "Gecode",
  "model": "base",
  "data_file": "ins-31"
}