{
  "solution": {
    "width": 33,
    "n_circuits": 23,
    "dims": [
      [
        7,
        33
      ],
      [
        3,
        33
      ],
      [
        3,
        30
      ],
      [
        3,
        24
      ],
      [
        4,
        17
      ],
      [
        4,
        14
      ],
      [
        3,
        17
      ],
      [
        4,
        12
      ],
      [
        3,
        15
      ],
      [
        3,
        14
      ],
      [
        4,
        10
      ],
      [
        3,
        13
      ],
      [
        3,
        10
      ],
      [
        3,
        9
      ],
      [
        3,
        8
      ],
      [
        4,
        6
      ],
      [
        3,
        7
      ],
      [
        3,
        6
      ],
      [
        4,
        4
      ],
      [
        3,
        5
      ],
      [
        3,
        4
      ],
      [
        4,
        3
      ],
      [
        3,
        3
      ]
    ],
    "widths": [
      7,
      3,
      3,
      3,
      4,
      4,
      3,
      4,
      3,
      3,
      4,
      3,
      3,
      3,
      3,
      4,
      3,
      3,
      4,
      3,
      3,
      4,
      3
    ],
    "heights": [
      33,
      33,
      30,
      24,
      17,
      14,
      17,
      12,
      15,
      14,
      10,
      13,
      10,
      9,
      8,
      6,
      7,
      6,
      4,
      5,
      4,
      3,
      3
    ],
    "x": [
      0,
      11,
      18,
      30,
      14,
      7,
      24,
      7,
      21,
      27,
      14,
      27,
      21,
      24,
      21,
      14,
      24,
      27,
      7,
      30,
      30,
      7,
      18
    ],
    "y": [
      0,
      0,
      0,
      0,
      0,
      0,
      0,
      14,
      0,
      0,
      17,
      14,
      15,
      24,
      25,
      27,
      17,
      27,
      29,
      28,
      24,
      26,
      30
    ],
    "min_makespan": 33,
    "max_makespan": 43,
    "makespan": 33
  },
  "stats": {
    "paths": 0,
    "flatIntVars": 70,
    "flatIntConstraints": 29,
    "flatTime": 0.0433167,
    "initTime": 0.000448,
    "solveTime": 0.096802,
    "solutions": 4,
    "variables": 70,
    "propagators": 31,
    "propagations": 39599,
    "nodes": 5611,
    "failures": 2781,
    "restarts": 0,
    "peakDepth": 62,
    "nSolutions": 1
  },
  "TOTAL_TIME": 0.15,
  "solver": "Gecode",
  "model": "base",
  "data_file": "ins-26"
}