{
  "solution": {
    "width": 28,
    "n_circuits": 22,
    "dims": [
      [
        4,
        23
      ],
      [
        3,
        23
      ],
      [
        5,
        13
      ],
      [
        3,
        21
      ],
      [
        4,
        13
      ],
      [
        3,
        17
      ],
      [
        3,
        16
      ],
      [
        5,
        9
      ],
      [
        3,
        11
      ],
      [
        4,
        8
      ],
      [
        3,
        10
      ],
      [
        5,
        6
      ],
      [
        3,
        9
      ],
      [
        3,
        8
      ],
      [
        3,
        7
      ],
      [
        4,
        5
      ],
      [
        3,
        6
      ],
      [
        4,
        4
      ],
      [
        3,
        5
      ],
      [
        3,
        4
      ],
      [
        4,
        3
      ],
      [
        3,
        3
      ]
    ],
    "widths": [
      4,
      3,
      5,
      3,
      4,
      3,
      3,
      5,
      3,
      4,
      3,
      5,
      3,
      3,
      3,
      4,
      3,
      4,
      3,
      3,
      4,
      3
    ],
    "heights": [
      23,
      23,
      13,
      21,
      13,
      17,
      16,
      9,
      11,
      8,
      10,
      6,
      9,
      8,
      7,
      5,
      6,
      4,
      5,
      4,
      3,
      3
    ],
    "x": [
      0,
      22,
      8,
      19,
      4,
      16,
      13,
      4,
      16,
      9,
      25,
      4,
      13,
      25,
      19,
      0,
      25,
      9,
      22,
      25,
      9,
      13
    ],
    "y": [
      0,
      0,
      0,
      0,
      0,
      0,
      0,
      13,
      17,
      13,
      0,
      22,
      19,
      10,
      21,
      23,
      22,
      24,
      23,
      18,
      21,
      16
    ],
    "min_makespan": 28,
    "max_makespan": 39,
    "makespan": 28
  },
  "stats": {
    "paths": 0,
    "flatIntVars": 67,
    "flatIntConstraints": 28,
    "flatTime": 0.0430588,
    "initTime": 0.00051,
    "solveTime": 5.57646,
    "solutions": 4,
    "variables": 67,
    "propagators": 30,
    "propagations": 2770877,
    "nodes": 421205,
    "failures": 210583,
    "restarts": 0,
    "peakDepth": 50,
    "nSolutions": 1
  },
  "TOTAL_TIME": 5.63,
  "solver": "Gecode",
  "model": "base",
  "data_file": "ins-21"
}