{
  "solution": {
    "width": 40,
    "n_circuits": 20,
    "dims": [
      [
        22,
        40
      ],
      [
        3,
        40
      ],
      [
        4,
        22
      ],
      [
        5,
        13
      ],
      [
        5,
        12
      ],
      [
        4,
        14
      ],
      [
        3,
        16
      ],
      [
        5,
        8
      ],
      [
        3,
        12
      ],
      [
        3,
        10
      ],
      [
        3,
        9
      ],
      [
        3,
        8
      ],
      [
        3,
        7
      ],
      [
        5,
        4
      ],
      [
        3,
        6
      ],
      [
        4,
        4
      ],
      [
        3,
        5
      ],
      [
        5,
        3
      ],
      [
        3,
        4
      ],
      [
        3,
        3
      ]
    ],
    "widths": [
      22,
      3,
      4,
      5,
      5,
      4,
      3,
      5,
      3,
      3,
      3,
      3,
      3,
      5,
      3,
      4,
      3,
      5,
      3,
      3
    ],
    "heights": [
      40,
      40,
      22,
      13,
      12,
      14,
      16,
      8,
      12,
      10,
      9,
      8,
      7,
      4,
      6,
      4,
      5,
      3,
      4,
      3
    ],
    "x": [
      0,
      27,
      30,
      22,
      22,
      30,
      34,
      22,
      34,
      37,
      37,
      37,
      37,
      22,
      37,
      30,
      34,
      22,
      34,
      34
    ],
    "y": [
      0,
      0,
      18,
      27,
      15,
      4,
      24,
      7,
      12,
      30,
      21,
      13,
      6,
      3,
      0,
      0,
      7,
      0,
      3,
      0
    ],
    "min_makespan": 40,
    "max_makespan": 47,
    "makespan": 40
  },
  "stats": {
    "paths": 0,
    "flatIntVars": 61,
    "flatIntConstraints": 26,
    "flatTime": 0.045683,
    "initTime": 0.000472,
    "solveTime": 6.79712,
    "solutions": 8,
    "variables": 61,
    "propagators": 28,
    "propagations": 7981483,
    "nodes": 1124996,
    "failures": 562442,
    "restarts": 0,
    "peakDepth": 48,
    "nSolutions": 1
  },
  "TOTAL_TIME": 6.85,
  "solver": "Gecode",
  "model": "base",
  "data_file": "ins-33"
}