{
  "solution": {
    "width": 26,
    "n_circuits": 22,
    "dims": [
      [
        3,
        19
      ],
      [
        4,
        14
      ],
      [
        3,
        17
      ],
      [
        3,
        16
      ],
      [
        3,
        15
      ],
      [
        4,
        11
      ],
      [
        3,
        14
      ],
      [
        3,
        12
      ],
      [
        3,
        11
      ],
      [
        4,
        8
      ],
      [
        3,
        10
      ],
      [
        4,
        7
      ],
      [
        3,
        9
      ],
      [
        3,
        8
      ],
      [
        3,
        7
      ],
      [
        4,
        5
      ],
      [
        3,
        6
      ],
      [
        4,
        4
      ],
      [
        3,
        5
      ],
      [
        3,
        4
      ],
      [
        4,
        3
      ],
      [
        3,
        3
      ]
    ],
    "widths": [
      3,
      4,
      3,
      3,
      3,
      4,
      3,
      3,
      3,
      4,
      3,
      4,
      3,
      3,
      3,
      4,
      3,
      4,
      3,
      3,
      4,
      3
    ],
    "heights": [
      19,
      14,
      17,
      16,
      15,
      11,
      14,
      12,
      11,
      8,
      10,
      7,
      9,
      8,
      7,
      5,
      6,
      4,
      5,
      4,
      3,
      3
    ],
    "x": [
      0,
      3,
      16,
      13,
      10,
      19,
      7,
      3,
      10,
      6,
      13,
      19,
      23,
      23,
      0,
      16,
      23,
      6,
      20,
      16,
      19,
      23
    ],
    "y": [
      0,
      12,
      0,
      0,
      0,
      10,
      12,
      0,
      15,
      4,
      16,
      0,
      0,
      9,
      19,
      21,
      20,
      0,
      21,
      17,
      7,
      17
    ],
    "min_makespan": 26,
    "max_makespan": 37,
    "makespan": 26
  },
  "stats": {
    "paths": 0,
    "flatIntVars": 67,
    "flatIntConstraints": 28,
    "flatTime": 0.0427545,
    "initTime": 0.000483,
    "solveTime": 61.823,
    "solutions": 12,
    "variables": 67,
    "propagators": 30,
    "propagations": 37021692,
    "nodes": 6529505,
    "failures": 3264713,
    "restarts": 0,
    "peakDepth": 78,
    "nSolutions": 1
  },
  "TOTAL_TIME": 61.88,
  "solver": "Gecode",
  "model": "base",
  "data_file": "ins-19"
}