{
  "solution": {
    "width": 27,
    "n_circuits": 21,
    "dims": [
      [
        4,
        20
      ],
      [
        4,
        19
      ],
      [
        3,
        21
      ],
      [
        3,
        20
      ],
      [
        3,
        19
      ],
      [
        4,
        14
      ],
      [
        3,
        12
      ],
      [
        3,
        11
      ],
      [
        4,
        8
      ],
      [
        3,
        10
      ],
      [
        4,
        7
      ],
      [
        3,
        9
      ],
      [
        3,
        8
      ],
      [
        4,
        6
      ],
      [
        3,
        7
      ],
      [
        3,
        6
      ],
      [
        4,
        4
      ],
      [
        3,
        5
      ],
      [
        3,
        4
      ],
      [
        4,
        3
      ],
      [
        3,
        3
      ]
    ],
    "widths": [
      4,
      4,
      3,
      3,
      3,
      4,
      3,
      3,
      4,
      3,
      4,
      3,
      3,
      4,
      3,
      3,
      4,
      3,
      3,
      4,
      3
    ],
    "heights": [
      20,
      19,
      21,
      20,
      19,
      14,
      12,
      11,
      8,
      10,
      7,
      9,
      8,
      6,
      7,
      6,
      4,
      5,
      4,
      3,
      3
    ],
    "x": [
      3,
      23,
      10,
      13,
      20,
      16,
      7,
      0,
      23,
      7,
      16,
      0,
      20,
      16,
      13,
      10,
      3,
      7,
      0,
      3,
      0
    ],
    "y": [
      0,
      0,
      0,
      0,
      0,
      0,
      0,
      0,
      19,
      12,
      14,
      11,
      19,
      21,
      20,
      21,
      20,
      22,
      20,
      24,
      24
    ],
    "min_makespan": 27,
    "max_makespan": 33,
    "makespan": 27
  },
  "stats": {
    "paths": 0,
    "flatIntVars": 64,
    "flatIntConstraints": 27,
    "flatTime": 0.0449358,
    "initTime": 0.000538,
    "solveTime": 48.6153,
    "solutions": 4,
    "variables": 64,
    "propagators": 29,
    "propagations": 43670372,
    "nodes": 5565927,
    "failures": 2782945,
    "restarts": 0,
    "peakDepth": 65,
    "nSolutions": 1
  },
  "TOTAL_TIME": 48.67,
  "solver": "Gecode",
  "model": "base",
  "data_file": "ins-20"
}