{
  "solution": {
    "width": 15,
    "n_circuits": 25,
    "dims": [
      [
        4,
        26
      ],
      [
        7,
        10
      ],
      [
        4,
        12
      ],
      [
        5,
        9
      ],
      [
        4,
        11
      ],
      [
        4,
        8
      ],
      [
        4,
        8
      ],
      [
        5,
        5
      ],
      [
        3,
        8
      ],
      [
        2,
        11
      ],
      [
        2,
        11
      ],
      [
        5,
        4
      ],
      [
        2,
        10
      ],
      [
        2,
        7
      ],
      [
        2,
        6
      ],
      [
        4,
        3
      ],
      [
        2,
        6
      ],
      [
        4,
        2
      ],
      [
        3,
        2
      ],
      [
        1,
        6
      ],
      [
        2,
        3
      ],
      [
        2,
        3
      ],
      [
        1,
        4
      ],
      [
        3,
        1
      ],
      [
        1,
        3
      ]
    ],
    "widths": [
      4,
      7,
      4,
      5,
      4,
      4,
      4,
      5,
      3,
      2,
      2,
      5,
      2,
      2,
      2,
      4,
      2,
      4,
      3,
      1,
      2,
      2,
      1,
      3,
      1
    ],
    "heights": [
      26,
      10,
      12,
      9,
      11,
      8,
      8,
      5,
      8,
      11,
      11,
      4,
      10,
      7,
      6,
      3,
      6,
      2,
      2,
      6,
      3,
      3,
      4,
      1,
      3
    ],
    "x": [
      0,
      0,
      4,
      6,
      4,
      8,
      0,
      5,
      8,
      7,
      4,
      0,
      10,
      9,
      11,
      8,
      11,
      8,
      8,
      12,
      11,
      11,
      11,
      0,
      9
    ],
    "y": [
      0,
      34,
      0,
      23,
      12,
      8,
      26,
      44,
      0,
      32,
      23,
      44,
      39,
      32,
      23,
      16,
      0,
      21,
      19,
      6,
      36,
      33,
      29,
      48,
      39
    ],
    "min_makespan": 40,
    "max_makespan": 50,
    "makespan": 49
  },
  "stats": {
    "paths": 0,
    "flatIntVars": 76,
    "flatIntConstraints": 31,
    "flatTime": 0.0436849,
    "initTime": 0.000456,
    "solveTime": 299.952,
    "solutions": 2,
    "variables": 76,
    "propagators": 33,
    "propagations": 330467039,
    "nodes": 29760307,
    "failures": 14880130,
    "restarts": 0,
    "peakDepth": 113,
    "nSolutions": 1
  },
  "TOTAL_TIME": 300.01,
  "solver": "Gecode",
  "model": "base",
  "data_file": "ins-35"
}