{
  "solution": {
    "width": 20,
    "n_circuits": 14,
    "dims": [
      [
        4,
        17
      ],
      [
        3,
        17
      ],
      [
        4,
        11
      ],
      [
        4,
        9
      ],
      [
        3,
        11
      ],
      [
        3,
        10
      ],
      [
        3,
        9
      ],
      [
        3,
        8
      ],
      [
        3,
        7
      ],
      [
        3,
        6
      ],
      [
        3,
        5
      ],
      [
        3,
        4
      ],
      [
        4,
        3
      ],
      [
        3,
        3
      ]
    ],
    "widths": [
      4,
      3,
      4,
      4,
      3,
      3,
      3,
      3,
      3,
      3,
      3,
      3,
      4,
      3
    ],
    "heights": [
      17,
      17,
      11,
      9,
      11,
      10,
      9,
      8,
      7,
      6,
      5,
      4,
      3,
      3
    ],
    "x": [
      0,
      8,
      4,
      4,
      17,
      11,
      17,
      14,
      14,
      11,
      14,
      11,
      0,
      8
    ],
    "y": [
      0,
      0,
      0,
      11,
      0,
      0,
      11,
      0,
      8,
      10,
      15,
      16,
      17,
      17
    ],
    "min_makespan": 20,
    "max_makespan": 25,
    "makespan": 20
  },
  "stats": {
    "paths": 0,
    "flatIntVars": 43,
    "flatIntConstraints": 20,
    "flatTime": 0.0438112,
    "initTime": 0.000355,
    "solveTime": 0.020007,
    "solutions": 3,
    "variables": 43,
    "propagators": 22,
    "propagations": 38818,
    "nodes": 4959,
    "failures": 2470,
    "restarts": 0,
    "peakDepth": 26,
    "nSolutions": 1
  },
  "TOTAL_TIME": 0.07,
  "solver": "Gecode",
  "model": "base",
  "data_file": "ins-13"
}