{
  "solution": {
    "width": 15,
    "n_circuits": 25,
    "dims": [
      [
        7,
        12
      ],
      [
        6,
        12
      ],
      [
        6,
        9
      ],
      [
        7,
        7
      ],
      [
        3,
        16
      ],
      [
        3,
        16
      ],
      [
        3,
        10
      ],
      [
        3,
        10
      ],
      [
        3,
        9
      ],
      [
        2,
        12
      ],
      [
        3,
        5
      ],
      [
        3,
        5
      ],
      [
        2,
        7
      ],
      [
        2,
        7
      ],
      [
        2,
        6
      ],
      [
        2,
        5
      ],
      [
        2,
        5
      ],
      [
        2,
        4
      ],
      [
        1,
        7
      ],
      [
        2,
        3
      ],
      [
        1,
        6
      ],
      [
        1,
        5
      ],
      [
        1,
        5
      ],
      [
        1,
        4
      ],
      [
        1,
        3
      ]
    ],
    "widths": [
      7,
      6,
      6,
      7,
      3,
      3,
      3,
      3,
      3,
      2,
      3,
      3,
      2,
      2,
      2,
      2,
      2,
      2,
      1,
      2,
      1,
      1,
      1,
      1,
      1
    ],
    "heights": [
      12,
      12,
      9,
      7,
      16,
      16,
      10,
      10,
      9,
      12,
      5,
      5,
      7,
      7,
      6,
      5,
      5,
      4,
      7,
      3,
      6,
      5,
      5,
      4,
      3
    ],
    "x": [
      0,
      0,
      0,
      0,
      7,
      6,
      10,
      10,
      9,
      9,
      11,
      6,
      12,
      11,
      13,
      13,
      13,
      13,
      14,
      7,
      14,
      14,
      13,
      13,
      9
    ],
    "y": [
      7,
      28,
      19,
      0,
      3,
      19,
      10,
      0,
      20,
      29,
      36,
      35,
      20,
      29,
      0,
      27,
      11,
      16,
      20,
      0,
      32,
      6,
      6,
      32,
      0
    ],
    "min_makespan": 40,
    "max_makespan": 51,
    "makespan": 41
  },
  "stats": {
    "paths": 0,
    "flatIntVars": 76,
    "flatIntConstraints": 31,
    "flatTime": 0.0428973,
    "initTime": 0.000466,
    "solveTime": 299.953,
    "solutions": 11,
    "variables": 76,
    "propagators": 33,
    "propagations": 242962136,
    "nodes": 21039756,
    "failures": 10519799,
    "restarts": 0,
    "peakDepth": 110,
    "nSolutions": 1
  },
  "TOTAL_TIME": 300.01,
  "solver": "Gecode",
  "model": "base",
  "data_file": "ins-36"
}