{
  "solution": {
    "width": 35,
    "n_circuits": 22,
    "dims": [
      [
        14,
        35
      ],
      [
        4,
        23
      ],
      [
        4,
        20
      ],
      [
        4,
        17
      ],
      [
        3,
        22
      ],
      [
        3,
        19
      ],
      [
        4,
        12
      ],
      [
        3,
        12
      ],
      [
        4,
        8
      ],
      [
        3,
        10
      ],
      [
        4,
        7
      ],
      [
        3,
        9
      ],
      [
        3,
        8
      ],
      [
        4,
        6
      ],
      [
        3,
        7
      ],
      [
        4,
        5
      ],
      [
        3,
        6
      ],
      [
        4,
        4
      ],
      [
        3,
        5
      ],
      [
        3,
        4
      ],
      [
        4,
        3
      ],
      [
        3,
        3
      ]
    ],
    "widths": [
      14,
      4,
      4,
      4,
      3,
      3,
      4,
      3,
      4,
      3,
      4,
      3,
      3,
      4,
      3,
      4,
      3,
      4,
      3,
      3,
      4,
      3
    ],
    "heights": [
      35,
      23,
      20,
      17,
      22,
      19,
      12,
      12,
      8,
      10,
      7,
      9,
      8,
      6,
      7,
      5,
      6,
      4,
      5,
      4,
      3,
      3
    ],
    "x": [
      0,
      18,
      22,
      31,
      26,
      29,
      14,
      32,
      14,
      18,
      21,
      28,
      25,
      21,
      32,
      14,
      25,
      14,
      28,
      14,
      14,
      17
    ],
    "y": [
      0,
      0,
      0,
      19,
      0,
      0,
      8,
      7,
      0,
      26,
      29,
      27,
      28,
      23,
      0,
      31,
      22,
      27,
      22,
      23,
      20,
      23
    ],
    "min_makespan": 35,
    "max_makespan": 42,
    "makespan": 36
  },
  "stats": {
    "paths": 0,
    "flatIntVars": 67,
    "flatIntConstraints": 28,
    "flatTime": 0.0435646,
    "initTime": 0.000429,
    "solveTime": 299.952,
    "solutions": 7,
    "variables": 67,
    "propagators": 30,
    "propagations": 152571968,
    "nodes": 26356947,
    "failures": 13178423,
    "restarts": 0,
    "peakDepth": 63,
    "nSolutions": 1
  },
  "TOTAL_TIME": 300.01,
  "solver": "Gecode",
  "model": "base",
  "data_file": "ins-28"
}