{
  "solution": {
    "width": 37,
    "n_circuits": 27,
    "dims": [
      [
        12,
        37
      ],
      [
        4,
        24
      ],
      [
        4,
        22
      ],
      [
        5,
        14
      ],
      [
        3,
        21
      ],
      [
        3,
        18
      ],
      [
        3,
        17
      ],
      [
        5,
        10
      ],
      [
        3,
        14
      ],
      [
        4,
        10
      ],
      [
        3,
        13
      ],
      [
        3,
        12
      ],
      [
        3,
        11
      ],
      [
        5,
        6
      ],
      [
        3,
        9
      ],
      [
        3,
        8
      ],
      [
        4,
        6
      ],
      [
        3,
        7
      ],
      [
        4,
        5
      ],
      [
        5,
        4
      ],
      [
        3,
        6
      ],
      [
        4,
        4
      ],
      [
        3,
        5
      ],
      [
        5,
        3
      ],
      [
        3,
        4
      ],
      [
        4,
        3
      ],
      [
        3,
        3
      ]
    ],
    "widths": [
      12,
      4,
      4,
      5,
      3,
      3,
      3,
      5,
      3,
      4,
      3,
      3,
      3,
      5,
      3,
      3,
      4,
      3,
      4,
      5,
      3,
      4,
      3,
      5,
      3,
      4,
      3
    ],
    "heights": [
      37,
      24,
      22,
      14,
      21,
      18,
      17,
      10,
      14,
      10,
      13,
      12,
      11,
      6,
      9,
      8,
      6,
      7,
      5,
      4,
      6,
      4,
      5,
      3,
      4,
      3,
      3
    ],
    "x": [
      0,
      17,
      12,
      12,
      21,
      25,
      24,
      27,
      17,
      30,
      28,
      34,
      31,
      20,
      34,
      31,
      32,
      27,
      20,
      20,
      28,
      32,
      34,
      12,
      25,
      21,
      34
    ],
    "y": [
      0,
      0,
      0,
      22,
      0,
      17,
      0,
      0,
      24,
      10,
      26,
      10,
      28,
      24,
      30,
      20,
      4,
      10,
      30,
      35,
      20,
      0,
      22,
      36,
      35,
      21,
      27
    ],
    "min_makespan": 37,
    "max_makespan": 49,
    "makespan": 39
  },
  "stats": {
    "paths": 0,
    "flatIntVars": 82,
    "flatIntConstraints": 33,
    "flatTime": 0.0441609,
    "initTime": 0.000484,
    "solveTime": 299.952,
    "solutions": 11,
    "variables": 82,
    "propagators": 35,
    "propagations": 93814339,
    "nodes": 38594931,
    "failures": 19297391,
    "restarts": 0,
    "peakDepth": 103,
    "nSolutions": 1
  },
  "TOTAL_TIME": 300.01,
  "solver": "Gecode",
  "model": "base",
  "data_file": "ins-30"
}