{
  "solution": {
    "width": 22,
    "n_circuits": 16,
    "dims": [
      [
        4,
        19
      ],
      [
        3,
        22
      ],
      [
        3,
        14
      ],
      [
        3,
        13
      ],
      [
        3,
        12
      ],
      [
        3,
        11
      ],
      [
        3,
        10
      ],
      [
        3,
        9
      ],
      [
        3,
        8
      ],
      [
        6,
        4
      ],
      [
        3,
        7
      ],
      [
        3,
        6
      ],
      [
        3,
        5
      ],
      [
        3,
        4
      ],
      [
        4,
        3
      ],
      [
        3,
        3
      ]
    ],
    "widths": [
      4,
      3,
      3,
      3,
      3,
      3,
      3,
      3,
      3,
      6,
      3,
      3,
      3,
      3,
      4,
      3
    ],
    "heights": [
      19,
      22,
      14,
      13,
      12,
      11,
      10,
      9,
      8,
      4,
      7,
      6,
      5,
      4,
      3,
      3
    ],
    "x": [
      6,
      10,
      13,
      16,
      19,
      3,
      19,
      16,
      13,
      0,
      0,
      0,
      0,
      3,
      3,
      7
    ],
    "y": [
      0,
      0,
      0,
      0,
      0,
      0,
      12,
      13,
      14,
      11,
      15,
      0,
      6,
      15,
      19,
      19
    ],
    "min_makespan": 22,
    "max_makespan": 27,
    "makespan": 22
  },
  "stats": {
    "paths": 0,
    "flatIntVars": 49,
    "flatIntConstraints": 22,
    "flatTime": 0.0421979,
    "initTime": 0.000385,
    "solveTime": 0.020957,
    "solutions": 3,
    "variables": 49,
    "propagators": 24,
    "propagations": 29644,
    "nodes": 5631,
    "failures": 2806,
    "restarts": 0,
    "peakDepth": 51,
    "nSolutions": 1
  },
  "TOTAL_TIME": 0.07,
  "solver": "Gecode",
  "model": "base",
  "data_file": "ins-15"
}