{
  "solution": {
    "width": 24,
    "n_circuits": 18,
    "dims": [
      [
        5,
        16
      ],
      [
        3,
        24
      ],
      [
        3,
        18
      ],
      [
        4,
        12
      ],
      [
        3,
        14
      ],
      [
        5,
        8
      ],
      [
        3,
        12
      ],
      [
        3,
        10
      ],
      [
        3,
        9
      ],
      [
        3,
        8
      ],
      [
        3,
        7
      ],
      [
        4,
        5
      ],
      [
        3,
        6
      ],
      [
        4,
        4
      ],
      [
        3,
        5
      ],
      [
        3,
        4
      ],
      [
        4,
        3
      ],
      [
        3,
        3
      ]
    ],
    "widths": [
      5,
      3,
      3,
      4,
      3,
      5,
      3,
      3,
      3,
      3,
      3,
      4,
      3,
      4,
      3,
      3,
      4,
      3
    ],
    "heights": [
      16,
      24,
      18,
      12,
      14,
      8,
      12,
      10,
      9,
      8,
      7,
      5,
      6,
      4,
      5,
      4,
      3,
      3
    ],
    "x": [
      0,
      11,
      8,
      14,
      5,
      0,
      14,
      5,
      21,
      18,
      21,
      17,
      8,
      17,
      21,
      18,
      17,
      21
    ],
    "y": [
      0,
      0,
      0,
      12,
      0,
      16,
      0,
      14,
      0,
      16,
      9,
      0,
      18,
      8,
      19,
      12,
      5,
      16
    ],
    "min_makespan": 24,
    "max_makespan": 35,
    "makespan": 24
  },
  "stats": {
    "paths": 0,
    "flatIntVars": 55,
    "flatIntConstraints": 24,
    "flatTime": 0.0440936,
    "initTime": 0.0004,
    "solveTime": 6.98125,
    "solutions": 11,
    "variables": 55,
    "propagators": 26,
    "propagations": 9121416,
    "nodes": 1657908,
    "failures": 828904,
    "restarts": 0,
    "peakDepth": 67,
    "nSolutions": 1
  },
  "TOTAL_TIME": 7.04,
  "solver": "Gecode",
  "model": "base",
  "data_file": "ins-17"
}