{
  "solution": {
    "width": 23,
    "n_circuits": 19,
    "dims": [
      [
        3,
        20
      ],
      [
        4,
        12
      ],
      [
        4,
        11
      ],
      [
        3,
        14
      ],
      [
        4,
        10
      ],
      [
        3,
        12
      ],
      [
        3,
        11
      ],
      [
        3,
        10
      ],
      [
        3,
        9
      ],
      [
        3,
        8
      ],
      [
        4,
        6
      ],
      [
        3,
        7
      ],
      [
        3,
        6
      ],
      [
        6,
        3
      ],
      [
        4,
        4
      ],
      [
        3,
        5
      ],
      [
        3,
        4
      ],
      [
        4,
        3
      ],
      [
        3,
        3
      ]
    ],
    "widths": [
      3,
      4,
      4,
      3,
      4,
      3,
      3,
      3,
      3,
      3,
      4,
      3,
      3,
      6,
      4,
      3,
      3,
      4,
      3
    ],
    "heights": [
      20,
      12,
      11,
      14,
      10,
      12,
      11,
      10,
      9,
      8,
      6,
      7,
      6,
      3,
      4,
      5,
      4,
      3,
      3
    ],
    "x": [
      0,
      3,
      13,
      10,
      6,
      13,
      7,
      10,
      20,
      20,
      16,
      20,
      17,
      0,
      16,
      17,
      3,
      16,
      3
    ],
    "y": [
      0,
      0,
      13,
      0,
      12,
      0,
      0,
      14,
      0,
      16,
      0,
      9,
      18,
      20,
      9,
      13,
      12,
      6,
      16
    ],
    "min_makespan": 23,
    "max_makespan": 33,
    "makespan": 24
  },
  "stats": {
    "paths": 0,
    "flatIntVars": 58,
    "flatIntConstraints": 25,
    "flatTime": 0.044654,
    "initTime": 0.000407,
    "solveTime": 299.952,
    "solutions": 10,
    "variables": 58,
    "propagators": 27,
    "propagations": 211195964,
    "nodes": 39966225,
    "failures": 19983068,
    "restarts": 0,
    "peakDepth": 64,
    "nSolutions": 1
  },
  "TOTAL_TIME": 300.01,
  "solver": "Gecode",
  "model": "base",
  "data_file": "ins-16"
}