{
  "solution": {
    "width": 31,
    "n_circuits": 19,
    "dims": [
      [
        12,
        31
      ],
      [
        3,
        31
      ],
      [
        3,
        22
      ],
      [
        4,
        13
      ],
      [
        3,
        14
      ],
      [
        3,
        13
      ],
      [
        3,
        12
      ],
      [
        3,
        11
      ],
      [
        4,
        8
      ],
      [
        3,
        10
      ],
      [
        4,
        7
      ],
      [
        3,
        9
      ],
      [
        3,
        8
      ],
      [
        3,
        7
      ],
      [
        3,
        6
      ],
      [
        3,
        5
      ],
      [
        3,
        4
      ],
      [
        4,
        3
      ],
      [
        3,
        3
      ]
    ],
    "widths": [
      12,
      3,
      3,
      4,
      3,
      3,
      3,
      3,
      4,
      3,
      4,
      3,
      3,
      3,
      3,
      3,
      3,
      4,
      3
    ],
    "heights": [
      31,
      31,
      22,
      13,
      14,
      13,
      12,
      11,
      8,
      10,
      7,
      9,
      8,
      7,
      6,
      5,
      4,
      3,
      3
    ],
    "x": [
      0,
      16,
      19,
      12,
      25,
      22,
      22,
      28,
      12,
      25,
      12,
      19,
      28,
      25,
      22,
      28,
      28,
      12,
      28
    ],
    "y": [
      0,
      0,
      0,
      0,
      0,
      0,
      19,
      0,
      13,
      21,
      24,
      22,
      11,
      14,
      13,
      19,
      27,
      21,
      24
    ],
    "min_makespan": 31,
    "max_makespan": 38,
    "makespan": 31
  },
  "stats": {
    "paths": 0,
    "flatIntVars": 58,
    "flatIntConstraints": 25,
    "flatTime": 0.0430775,
    "initTime": 0.00042,
    "solveTime": 60.1738,
    "solutions": 8,
    "variables": 58,
    "propagators": 27,
    "propagations": 33476950,
    "nodes": 13574003,
    "failures": 6786956,
    "restarts": 0,
    "peakDepth": 49,
    "nSolutions": 1
  },
  "TOTAL_TIME": 60.23,
  "solver": "Gecode",
  "model": "base",
  "data_file": "ins-24"
}