{
  "solution": {
    "width": 29,
    "n_circuits": 24,
    "dims": [
      [
        5,
        17
      ],
      [
        4,
        20
      ],
      [
        4,
        18
      ],
      [
        3,
        20
      ],
      [
        4,
        15
      ],
      [
        3,
        18
      ],
      [
        3,
        15
      ],
      [
        5,
        8
      ],
      [
        4,
        9
      ],
      [
        3,
        11
      ],
      [
        3,
        10
      ],
      [
        4,
        7
      ],
      [
        3,
        9
      ],
      [
        3,
        8
      ],
      [
        4,
        6
      ],
      [
        3,
        7
      ],
      [
        4,
        5
      ],
      [
        5,
        4
      ],
      [
        3,
        6
      ],
      [
        4,
        4
      ],
      [
        3,
        5
      ],
      [
        3,
        4
      ],
      [
        4,
        3
      ],
      [
        3,
        3
      ]
    ],
    "widths": [
      5,
      4,
      4,
      3,
      4,
      3,
      3,
      5,
      4,
      3,
      3,
      4,
      3,
      3,
      4,
      3,
      4,
      5,
      3,
      4,
      3,
      3,
      4,
      3
    ],
    "heights": [
      17,
      20,
      18,
      20,
      15,
      18,
      15,
      8,
      9,
      11,
      10,
      7,
      9,
      8,
      6,
      7,
      5,
      4,
      6,
      4,
      5,
      4,
      3,
      3
    ],
    "x": [
      0,
      22,
      15,
      26,
      5,
      19,
      12,
      5,
      10,
      9,
      25,
      0,
      22,
      15,
      18,
      7,
      14,
      10,
      4,
      0,
      18,
      9,
      0,
      10
    ],
    "y": [
      0,
      0,
      0,
      0,
      0,
      0,
      0,
      15,
      15,
      0,
      20,
      17,
      20,
      23,
      18,
      23,
      18,
      24,
      23,
      24,
      24,
      11,
      28,
      28
    ],
    "min_makespan": 29,
    "max_makespan": 41,
    "makespan": 31
  },
  "stats": {
    "paths": 0,
    "flatIntVars": 73,
    "flatIntConstraints": 30,
    "flatTime": 0.0434089,
    "initTime": 0.000447,
    "solveTime": 299.953,
    "solutions": 1,
    "variables": 73,
    "propagators": 32,
    "propagations": 118031814,
    "nodes": 22211905,
    "failures": 11105933,
    "restarts": 0,
    "peakDepth": 62,
    "nSolutions": 1
  },
  "TOTAL_TIME": 300.01,
  "solver": "Gecode",
  "model": "base",
  "data_file": "ins-22"
}