{
  "solution": {
    "width": 36,
    "n_circuits": 23,
    "dims": [
      [
        12,
        36
      ],
      [
        3,
        36
      ],
      [
        4,
        22
      ],
      [
        5,
        15
      ],
      [
        3,
        24
      ],
      [
        5,
        14
      ],
      [
        3,
        16
      ],
      [
        3,
        15
      ],
      [
        4,
        11
      ],
      [
        3,
        14
      ],
      [
        3,
        12
      ],
      [
        3,
        11
      ],
      [
        3,
        10
      ],
      [
        3,
        9
      ],
      [
        3,
        8
      ],
      [
        3,
        7
      ],
      [
        5,
        4
      ],
      [
        3,
        6
      ],
      [
        3,
        5
      ],
      [
        5,
        3
      ],
      [
        3,
        4
      ],
      [
        4,
        3
      ],
      [
        3,
        3
      ]
    ],
    "widths": [
      12,
      3,
      4,
      5,
      3,
      5,
      3,
      3,
      4,
      3,
      3,
      3,
      3,
      3,
      3,
      3,
      5,
      3,
      3,
      5,
      3,
      4,
      3
    ],
    "heights": [
      36,
      36,
      22,
      15,
      24,
      14,
      16,
      15,
      11,
      14,
      12,
      11,
      10,
      9,
      8,
      7,
      4,
      6,
      5,
      3,
      4,
      3,
      3
    ],
    "x": [
      0,
      17,
      20,
      12,
      24,
      12,
      27,
      27,
      23,
      20,
      33,
      33,
      30,
      30,
      30,
      30,
      12,
      33,
      33,
      27,
      12,
      32,
      27
    ],
    "y": [
      0,
      0,
      0,
      0,
      0,
      15,
      0,
      16,
      24,
      22,
      0,
      12,
      0,
      10,
      26,
      19,
      33,
      28,
      23,
      34,
      29,
      34,
      31
    ],
    "min_makespan": 36,
    "max_makespan": 46,
    "makespan": 37
  },
  "stats": {
    "paths": 0,
    "flatIntVars": 70,
    "flatIntConstraints": 29,
    "flatTime": 0.044387,
    "initTime": 0.000455,
    "solveTime": 299.951,
    "solutions": 10,
    "variables": 70,
    "propagators": 31,
    "propagations": 156436154,
    "nodes": 39554244,
    "failures": 19777050,
    "restarts": 0,
    "peakDepth": 69,
    "nSolutions": 1
  },
  "TOTAL_TIME": 300.01,
  "solver": "Gecode",
  "model": "base",
  "data_file": "ins-29"
}