{
  "solution": {
    "width": 32,
    "n_circuits": 27,
    "dims": [
      [
        3,
        27
      ],
      [
        3,
        25
      ],
      [
        3,
        24
      ],
      [
        4,
        18
      ],
      [
        3,
        23
      ],
      [
        3,
        22
      ],
      [
        3,
        18
      ],
      [
        3,
        15
      ],
      [
        4,
        11
      ],
      [
        3,
        14
      ],
      [
        4,
        10
      ],
      [
        3,
        13
      ],
      [
        3,
        12
      ],
      [
        3,
        11
      ],
      [
        3,
        10
      ],
      [
        4,
        7
      ],
      [
        3,
        9
      ],
      [
        3,
        8
      ],
      [
        4,
        6
      ],
      [
        3,
        7
      ],
      [
        4,
        5
      ],
      [
        3,
        6
      ],
      [
        4,
        4
      ],
      [
        3,
        5
      ],
      [
        3,
        4
      ],
      [
        4,
        3
      ],
      [
        3,
        3
      ]
    ],
    "widths": [
      3,
      3,
      3,
      4,
      3,
      3,
      3,
      3,
      4,
      3,
      4,
      3,
      3,
      3,
      3,
      4,
      3,
      3,
      4,
      3,
      4,
      3,
      4,
      3,
      3,
      4,
      3
    ],
    "heights": [
      27,
      25,
      24,
      18,
      23,
      22,
      18,
      15,
      11,
      14,
      10,
      13,
      12,
      11,
      10,
      7,
      9,
      8,
      6,
      7,
      5,
      6,
      4,
      5,
      4,
      3,
      3
    ],
    "x": [
      23,
      26,
      20,
      0,
      14,
      29,
      17,
      4,
      4,
      7,
      0,
      10,
      11,
      8,
      17,
      10,
      29,
      26,
      22,
      7,
      18,
      14,
      14,
      0,
      4,
      3,
      20
    ],
    "y": [
      0,
      0,
      0,
      0,
      0,
      0,
      0,
      0,
      15,
      0,
      18,
      0,
      13,
      14,
      18,
      25,
      22,
      25,
      27,
      26,
      28,
      23,
      29,
      28,
      26,
      30,
      24
    ],
    "min_makespan": 32,
    "max_makespan": 42,
    "makespan": 33
  },
  "stats": {
    "paths": 0,
    "flatIntVars": 82,
    "flatIntConstraints": 33,
    "flatTime": 0.0428148,
    "initTime": 0.000481,
    "solveTime": 299.954,
    "solutions": 2,
    "variables": 82,
    "propagators": 35,
    "propagations": 194486273,
    "nodes": 36489188,
    "failures": 18244576,
    "restarts": 0,
    "peakDepth": 91,
    "nSolutions": 1
  },
  "TOTAL_TIME": 300.01,
  "solver": "Gecode",
  "model": "base",
  "data_file": "ins-25"
}