{
  "solution": {
    "width": 25,
    "n_circuits": 19,
    "dims": [
      [
        3,
        25
      ],
      [
        3,
        19
      ],
      [
        3,
        18
      ],
      [
        4,
        13
      ],
      [
        3,
        17
      ],
      [
        3,
        14
      ],
      [
        3,
        13
      ],
      [
        3,
        11
      ],
      [
        3,
        10
      ],
      [
        4,
        7
      ],
      [
        3,
        9
      ],
      [
        3,
        8
      ],
      [
        3,
        7
      ],
      [
        4,
        5
      ],
      [
        3,
        6
      ],
      [
        6,
        3
      ],
      [
        3,
        5
      ],
      [
        3,
        4
      ],
      [
        3,
        3
      ]
    ],
    "widths": [
      3,
      3,
      3,
      4,
      3,
      3,
      3,
      3,
      3,
      4,
      3,
      3,
      3,
      4,
      3,
      6,
      3,
      3,
      3
    ],
    "heights": [
      25,
      19,
      18,
      13,
      17,
      14,
      13,
      11,
      10,
      7,
      9,
      8,
      7,
      5,
      6,
      3,
      5,
      4,
      3
    ],
    "x": [
      10,
      13,
      22,
      0,
      19,
      16,
      7,
      16,
      4,
      6,
      3,
      19,
      22,
      6,
      13,
      0,
      0,
      0,
      4
    ],
    "y": [
      0,
      0,
      0,
      0,
      0,
      0,
      0,
      14,
      0,
      13,
      16,
      17,
      18,
      20,
      19,
      13,
      16,
      21,
      10
    ],
    "min_makespan": 25,
    "max_makespan": 30,
    "makespan": 25
  },
  "stats": {
    "paths": 0,
    "flatIntVars": 58,
    "flatIntConstraints": 25,
    "flatTime": 0.0431745,
    "initTime": 0.000462,
    "solveTime": 0.568741,
    "solutions": 4,
    "variables": 58,
    "propagators": 27,
    "propagations": 807408,
    "nodes": 118921,
    "failures": 59443,
    "restarts": 0,
    "peakDepth": 87,
    "nSolutions": 1
  },
  "TOTAL_TIME": 0.62,
  "solver": "Gecode",
  "model": "base",
  "data_file": "ins-18"
}