{
  "solution": {
    "width": 34,
    "n_circuits": 21,
    "dims": [
      [
        12,
        34
      ],
      [
        3,
        34
      ],
      [
        3,
        25
      ],
      [
        3,
        22
      ],
      [
        3,
        21
      ],
      [
        4,
        14
      ],
      [
        4,
        11
      ],
      [
        3,
        14
      ],
      [
        3,
        13
      ],
      [
        3,
        12
      ],
      [
        3,
        11
      ],
      [
        3,
        10
      ],
      [
        3,
        9
      ],
      [
        3,
        8
      ],
      [
        3,
        7
      ],
      [
        4,
        5
      ],
      [
        3,
        6
      ],
      [
        4,
        4
      ],
      [
        3,
        5
      ],
      [
        3,
        4
      ],
      [
        3,
        3
      ]
    ],
    "widths": [
      12,
      3,
      3,
      3,
      3,
      4,
      4,
      3,
      3,
      3,
      3,
      3,
      3,
      3,
      3,
      4,
      3,
      4,
      3,
      3,
      3
    ],
    "heights": [
      34,
      34,
      25,
      22,
      21,
      14,
      11,
      14,
      13,
      12,
      11,
      10,
      9,
      8,
      7,
      5,
      6,
      4,
      5,
      4,
      3
    ],
    "x": [
      0,
      16,
      25,
      22,
      19,
      12,
      12,
      28,
      19,
      22,
      31,
      28,
      25,
      31,
      31,
      12,
      28,
      12,
      31,
      28,
      31
    ],
    "y": [
      0,
      0,
      0,
      0,
      0,
      0,
      23,
      0,
      21,
      22,
      0,
      14,
      25,
      11,
      19,
      14,
      28,
      19,
      29,
      24,
      26
    ],
    "min_makespan": 34,
    "max_makespan": 41,
    "makespan": 34
  },
  "stats": {
    "paths": 0,
    "flatIntVars": 64,
    "flatIntConstraints": 27,
    "flatTime": 0.0432536,
    "initTime": 0.000428,
    "solveTime": 9.26095,
    "solutions": 8,
    "variables": 64,
    "propagators": 29,
    "propagations": 5213260,
    "nodes": 1111759,
    "failures": 555838,
    "restarts": 0,
    "peakDepth": 47,
    "nSolutions": 1
  },
  "TOTAL_TIME": 9.31,
  "solver": "Gecode",
  "model": "base",
  "data_file": "ins-27"
}