{
  "solution": {
    "width": 21,
    "n_circuits": 15,
    "dims": [
      [
        5,
        15
      ],
      [
        3,
        18
      ],
      [
        4,
        11
      ],
      [
        3,
        14
      ],
      [
        3,
        10
      ],
      [
        5,
        6
      ],
      [
        3,
        9
      ],
      [
        3,
        8
      ],
      [
        4,
        6
      ],
      [
        3,
        7
      ],
      [
        3,
        6
      ],
      [
        4,
        4
      ],
      [
        3,
        5
      ],
      [
        3,
        4
      ],
      [
        3,
        3
      ]
    ],
    "widths": [
      5,
      3,
      4,
      3,
      3,
      5,
      3,
      3,
      4,
      3,
      3,
      4,
      3,
      3,
      3
    ],
    "heights": [
      15,
      18,
      11,
      14,
      10,
      6,
      9,
      8,
      6,
      7,
      6,
      4,
      5,
      4,
      3
    ],
    "x": [
      0,
      12,
      5,
      18,
      9,
      0,
      15,
      15,
      5,
      18,
      9,
      5,
      9,
      15,
      12
    ],
    "y": [
      0,
      0,
      0,
      0,
      0,
      15,
      0,
      9,
      11,
      14,
      10,
      17,
      16,
      17,
      18
    ],
    "min_makespan": 21,
    "max_makespan": 26,
    "makespan": 21
  },
  "stats": {
    "paths": 0,
    "flatIntVars": 46,
    "flatIntConstraints": 21,
    "flatTime": 0.0440273,
    "initTime": 0.000363,
    "solveTime": 0.016142,
    "solutions": 4,
    "variables": 46,
    "propagators": 23,
    "propagations": 24842,
    "nodes": 4053,
    "failures": 2016,
    "restarts": 0,
    "peakDepth": 40,
    "nSolutions": 1
  },
  "TOTAL_TIME": 0.07,
  "solver": "Gecode",
  "model": "base",
  "data_file": "ins-14"
}