{
  "solution": {
    "width": 18,
    "n_circuits": 16,
    "dims": [
      [
        3,
        11
      ],
      [
        3,
        10
      ],
      [
        5,
        6
      ],
      [
        5,
        5
      ],
      [
        3,
        8
      ],
      [
        4,
        6
      ],
      [
        3,
        7
      ],
      [
        4,
        5
      ],
      [
        5,
        4
      ],
      [
        3,
        6
      ],
      [
        4,
        4
      ],
      [
        3,
        5
      ],
      [
        5,
        3
      ],
      [
        3,
        4
      ],
      [
        4,
        3
      ],
      [
        3,
        3
      ]
    ],
    "widths": [
      3,
      3,
      5,
      5,
      3,
      4,
      3,
      4,
      5,
      3,
      4,
      3,
      5,
      3,
      4,
      3
    ],
    "heights": [
      11,
      10,
      6,
      5,
      8,
      6,
      7,
      5,
      4,
      6,
      4,
      5,
      3,
      4,
      3,
      3
    ],
    "x": [
      0,
      3,
      6,
      9,
      6,
      11,
      0,
      14,
      6,
      15,
      11,
      3,
      9,
      15,
      14,
      3
    ],
    "y": [
      0,
      0,
      12,
      3,
      0,
      12,
      11,
      3,
      8,
      12,
      8,
      13,
      0,
      8,
      0,
      10
    ],
    "min_makespan": 18,
    "max_makespan": 23,
    "makespan": 18
  },
  "stats": {
    "paths": 0,
    "flatIntVars": 49,
    "flatIntConstraints": 22,
    "flatTime": 0.0445633,
    "initTime": 0.000395,
    "solveTime": 88.3141,
    "solutions": 6,
    "variables": 49,
    "propagators": 24,
    "propagations": 72476738,
    "nodes": 15077457,
    "failures": 7538715,
    "restarts": 0,
    "peakDepth": 63,
    "nSolutions": 1
  },
  "TOTAL_TIME": 88.37,
  "solver": "Gecode",
  "model": "base",
  "data_file": "ins-11"
}