{
  "solution": {
    "width": 28,
    "n_circuits": 22,
    "dims": [
      [
        4,
        23
      ],
      [
        3,
        23
      ],
      [
        5,
        13
      ],
      [
        3,
        21
      ],
      [
        4,
        13
      ],
      [
        3,
        17
      ],
      [
        3,
        16
      ],
      [
        5,
        9
      ],
      [
        3,
        11
      ],
      [
        4,
        8
      ],
      [
        3,
        10
      ],
      [
        5,
        6
      ],
      [
        3,
        9
      ],
      [
        3,
        8
      ],
      [
        3,
        7
      ],
      [
        4,
        5
      ],
      [
        3,
        6
      ],
      [
        4,
        4
      ],
      [
        3,
        5
      ],
      [
        3,
        4
      ],
      [
        4,
        3
      ],
      [
        3,
        3
      ]
    ],
    "widths": [
      4,
      3,
      5,
      3,
      4,
      3,
      3,
      5,
      3,
      4,
      3,
      5,
      3,
      3,
      3,
      4,
      3,
      4,
      3,
      3,
      4,
      3
    ],
    "heights": [
      23,
      23,
      13,
      21,
      13,
      17,
      16,
      9,
      11,
      8,
      10,
      6,
      9,
      8,
      7,
      5,
      6,
      4,
      5,
      4,
      3,
      3
    ],
    "x": [
      0,
      25,
      14,
      22,
      10,
      19,
      7,
      10,
      19,
      15,
      4,
      4,
      4,
      22,
      12,
      15,
      9,
      0,
      25,
      4,
      15,
      7
    ],
    "y": [
      0,
      0,
      0,
      0,
      0,
      0,
      0,
      13,
      17,
      13,
      0,
      19,
      10,
      21,
      22,
      21,
      22,
      23,
      23,
      25,
      26,
      16
    ],
    "is_rotated": [
      false,
      false,
      false,
      false,
      false,
      false,
      false,
      false,
      false,
      false,
      false,
      false,
      false,
      false,
      false,
      false,
      false,
      false,
      false,
      false,
      false,
      false
    ],
    "min_makespan": 28,
    "max_makespan": 39,
    "makespan": 29
  },
  "stats": {
    "paths": 0,
    "flatBoolVars": 44,
    "flatIntVars": 153,
    "flatBoolConstraints": 22,
    "flatIntConstraints": 136,
    "flatTime": 0.046311,
    "initTime": 0.004437,
    "solveTime": 299.95,
    "solutions": 3,
    "variables": 197,
    "propagators": 9484,
    "propagations": 5132542585,
    "nodes": 6433668,
    "failures": 3216796,
    "restarts": 0,
    "peakDepth": 68,
    "nSolutions": 1
  },
  "TOTAL_TIME": 300.01,
  "solver": "Gecode",
  "model": "rotation",
  "data_file": "ins-21"
}