{
  "solution": {
    "width": 31,
    "n_circuits": 19,
    "dims": [
      [
        12,
        31
      ],
      [
        3,
        31
      ],
      [
        3,
        22
      ],
      [
        4,
        13
      ],
      [
        3,
        14
      ],
      [
        3,
        13
      ],
      [
        3,
        12
      ],
      [
        3,
        11
      ],
      [
        4,
        8
      ],
      [
        3,
        10
      ],
      [
        4,
        7
      ],
      [
        3,
        9
      ],
      [
        3,
        8
      ],
      [
        3,
        7
      ],
      [
        3,
        6
      ],
      [
        3,
        5
      ],
      [
        3,
        4
      ],
      [
        4,
        3
      ],
      [
        3,
        3
      ]
    ],
    "widths": [
      12,
      3,
      3,
      4,
      3,
      3,
      3,
      3,
      4,
      3,
      4,
      3,
      3,
      3,
      3,
      3,
      3,
      4,
      3
    ],
    "heights": [
      31,
      31,
      22,
      13,
      14,
      13,
      12,
      11,
      8,
      10,
      7,
      9,
      8,
      7,
      6,
      5,
      4,
      3,
      3
    ],
    "x": [
      0,
      16,
      22,
      12,
      25,
      25,
      19,
      28,
      12,
      28,
      19,
      19,
      12,
      28,
      23,
      19,
      26,
      12,
      22
    ],
    "y": [
      0,
      0,
      0,
      0,
      13,
      0,
      0,
      0,
      24,
      18,
      26,
      17,
      13,
      11,
      27,
      12,
      28,
      21,
      22
    ],
    "is_rotated": [
      false,
      false,
      false,
      false,
      false,
      false,
      false,
      false,
      false,
      false,
      false,
      false,
      false,
      false,
      false,
      false,
      false,
      false,
      false
    ],
    "min_makespan": 31,
    "max_makespan": 38,
    "makespan": 33
  },
  "stats": {
    "paths": 0,
    "flatBoolVars": 38,
    "flatIntVars": 133,
    "flatBoolConstraints": 19,
    "flatIntConstraints": 119,
    "flatTime": 0.0447167,
    "initTime": 0.004597,
    "solveTime": 299.952,
    "solutions": 6,
    "variables": 171,
    "propagators": 8633,
    "propagations": 1719703248,
    "nodes": 9255429,
    "failures": 4627664,
    "restarts": 0,
    "peakDepth": 61,
    "nSolutions": 1
  },
  "TOTAL_TIME": 300.01,
  "solver": "Gecode",
  "model": "rotation",
  "data_file": "ins-24"
}