{
  "solution": {
    "width": 26,
    "n_circuits": 22,
    "dims": [
      [
        3,
        19
      ],
      [
        4,
        14
      ],
      [
        3,
        17
      ],
      [
        3,
        16
      ],
      [
        3,
        15
      ],
      [
        4,
        11
      ],
      [
        3,
        14
      ],
      [
        3,
        12
      ],
      [
        3,
        11
      ],
      [
        4,
        8
      ],
      [
        3,
        10
      ],
      [
        4,
        7
      ],
      [
        3,
        9
      ],
      [
        3,
        8
      ],
      [
        3,
        7
      ],
      [
        4,
        5
      ],
      [
        3,
        6
      ],
      [
        4,
        4
      ],
      [
        3,
        5
      ],
      [
        3,
        4
      ],
      [
        4,
        3
      ],
      [
        3,
        3
      ]
    ],
    "widths": [
      3,
      4,
      3,
      3,
      3,
      4,
      3,
      3,
      3,
      4,
      3,
      4,
      3,
      3,
      3,
      4,
      3,
      4,
      3,
      3,
      4,
      3
    ],
    "heights": [
      19,
      14,
      17,
      16,
      15,
      11,
      14,
      12,
      11,
      8,
      10,
      7,
      9,
      8,
      7,
      5,
      6,
      4,
      5,
      4,
      3,
      3
    ],
    "x": [
      0,
      6,
      3,
      10,
      23,
      13,
      20,
      17,
      13,
      9,
      17,
      0,
      6,
      23,
      20,
      16,
      20,
      4,
      13,
      23,
      8,
      3
    ],
    "y": [
      0,
      0,
      0,
      0,
      0,
      11,
      0,
      0,
      0,
      16,
      12,
      20,
      14,
      15,
      14,
      22,
      21,
      23,
      22,
      23,
      24,
      17
    ],
    "is_rotated": [
      false,
      false,
      false,
      false,
      false,
      false,
      false,
      false,
      false,
      false,
      false,
      false,
      false,
      false,
      false,
      false,
      false,
      false,
      false,
      false,
      false,
      false
    ],
    "min_makespan": 26,
    "max_makespan": 37,
    "makespan": 27
  },
  "stats": {
    "paths": 0,
    "flatBoolVars": 44,
    "flatIntVars": 153,
    "flatBoolConstraints": 22,
    "flatIntConstraints": 136,
    "flatTime": 0.0460499,
    "initTime": 0.004109,
    "solveTime": 299.951,
    "solutions": 4,
    "variables": 197,
    "propagators": 8861,
    "propagations": 2744738725,
    "nodes": 7061983,
    "failures": 3530956,
    "restarts": 0,
    "peakDepth": 68,
    "nSolutions": 1
  },
  "TOTAL_TIME": 300.01,
  "solver": "Gecode",
  "model": "rotation",
  "data_file": "ins-19"
}