{
  "solution": {
    "width": 35,
    "n_circuits": 22,
    "dims": [
      [
        14,
        35
      ],
      [
        4,
        23
      ],
      [
        4,
        20
      ],
      [
        4,
        17
      ],
      [
        3,
        22
      ],
      [
        3,
        19
      ],
      [
        4,
        12
      ],
      [
        3,
        12
      ],
      [
        4,
        8
      ],
      [
        3,
        10
      ],
      [
        4,
        7
      ],
      [
        3,
        9
      ],
      [
        3,
        8
      ],
      [
        4,
        6
      ],
      [
        3,
        7
      ],
      [
        4,
        5
      ],
      [
        3,
        6
      ],
      [
        4,
        4
      ],
      [
        3,
        5
      ],
      [
        3,
        4
      ],
      [
        4,
        3
      ],
      [
        3,
        3
      ]
    ],
    "widths": [
      14,
      4,
      4,
      4,
      3,
      3,
      4,
      3,
      4,
      3,
      4,
      3,
      3,
      4,
      3,
      4,
      3,
      4,
      3,
      3,
      4,
      3
    ],
    "heights": [
      35,
      23,
      20,
      17,
      22,
      19,
      12,
      12,
      8,
      10,
      7,
      9,
      8,
      6,
      7,
      5,
      6,
      4,
      5,
      4,
      3,
      3
    ],
    "x": [
      0,
      14,
      18,
      22,
      26,
      32,
      22,
      29,
      30,
      32,
      18,
      29,
      26,
      26,
      22,
      14,
      17,
      18,
      14,
      29,
      14,
      29
    ],
    "y": [
      0,
      0,
      0,
      0,
      0,
      0,
      17,
      0,
      19,
      27,
      20,
      28,
      28,
      22,
      29,
      23,
      31,
      27,
      31,
      15,
      28,
      12
    ],
    "is_rotated": [
      false,
      false,
      false,
      false,
      false,
      false,
      false,
      false,
      false,
      false,
      false,
      false,
      false,
      false,
      false,
      false,
      false,
      false,
      false,
      false,
      false,
      false
    ],
    "min_makespan": 35,
    "max_makespan": 42,
    "makespan": 37
  },
  "stats": {
    "paths": 0,
    "flatBoolVars": 44,
    "flatIntVars": 153,
    "flatBoolConstraints": 22,
    "flatIntConstraints": 136,
    "flatTime": 0.0453728,
    "initTime": 0.005686,
    "solveTime": 299.951,
    "solutions": 5,
    "variables": 197,
    "propagators": 10857,
    "propagations": 4349791472,
    "nodes": 6512647,
    "failures": 3256281,
    "restarts": 0,
    "peakDepth": 83,
    "nSolutions": 1
  },
  "TOTAL_TIME": 300.01,
  "solver": "Gecode",
  "model": "rotation",
  "data_file": "ins-28"
}