{
  "solution": {
    "width": 27,
    "n_circuits": 21,
    "dims": [
      [
        4,
        20
      ],
      [
        4,
        19
      ],
      [
        3,
        21
      ],
      [
        3,
        20
      ],
      [
        3,
        19
      ],
      [
        4,
        14
      ],
      [
        3,
        12
      ],
      [
        3,
        11
      ],
      [
        4,
        8
      ],
      [
        3,
        10
      ],
      [
        4,
        7
      ],
      [
        3,
        9
      ],
      [
        3,
        8
      ],
      [
        4,
        6
      ],
      [
        3,
        7
      ],
      [
        3,
        6
      ],
      [
        4,
        4
      ],
      [
        3,
        5
      ],
      [
        3,
        4
      ],
      [
        4,
        3
      ],
      [
        3,
        3
      ]
    ],
    "widths": [
      4,
      4,
      3,
      3,
      3,
      4,
      3,
      3,
      4,
      3,
      4,
      3,
      3,
      4,
      3,
      3,
      4,
      3,
      3,
      4,
      3
    ],
    "heights": [
      20,
      19,
      21,
      20,
      19,
      14,
      12,
      11,
      8,
      10,
      7,
      9,
      8,
      6,
      7,
      6,
      4,
      5,
      4,
      3,
      3
    ],
    "x": [
      0,
      4,
      18,
      21,
      24,
      8,
      15,
      12,
      4,
      15,
      8,
      12,
      24,
      8,
      21,
      18,
      0,
      15,
      12,
      0,
      12
    ],
    "y": [
      0,
      0,
      0,
      0,
      0,
      0,
      0,
      0,
      19,
      12,
      14,
      11,
      19,
      21,
      20,
      21,
      20,
      22,
      20,
      24,
      24
    ],
    "is_rotated": [
      false,
      false,
      false,
      false,
      false,
      false,
      false,
      false,
      false,
      false,
      false,
      false,
      false,
      false,
      false,
      false,
      false,
      false,
      false,
      false,
      false
    ],
    "min_makespan": 27,
    "max_makespan": 33,
    "makespan": 27
  },
  "stats": {
    "paths": 0,
    "flatBoolVars": 42,
    "flatIntVars": 146,
    "flatBoolConstraints": 21,
    "flatIntConstraints": 130,
    "flatTime": 0.0453761,
    "initTime": 0.003979,
    "solveTime": 68.9302,
    "solutions": 4,
    "variables": 188,
    "propagators": 8301,
    "propagations": 747422331,
    "nodes": 1610986,
    "failures": 805463,
    "restarts": 0,
    "peakDepth": 80,
    "nSolutions": 1
  },
  "TOTAL_TIME": 68.99,
  "solver": "Gecode",
  "model": "rotation",
  "data_file": "ins-20"
}