{
  "solution": {
    "width": 35,
    "n_circuits": 22,
    "widths": [
      3,
      3,
      3,
      3,
      3,
      3,
      3,
      3,
      3,
      3,
      3,
      4,
      4,
      4,
      4,
      4,
      4,
      4,
      4,
      4,
      4,
      14
    ],
    "heights": [
      3,
      4,
      5,
      6,
      7,
      8,
      9,
      10,
      12,
      19,
      22,
      3,
      4,
      5,
      6,
      7,
      8,
      12,
      17,
      20,
      23,
      35
    ],
    "x": [
      10.0,
      7.0,
      10.0,
      0,
      10.0,
      10.0,
      7.0,
      0,
      10.0,
      0,
      7.0,
      17.0,
      3.0,
      13.0,
      3.0,
      13.0,
      3.0,
      17.0,
      3.0,
      17.0,
      13.0,
      21.0
    ],
    "y": [
      5.0,
      9.0,
      0,
      10.0,
      16.0,
      8.0,
      0,
      0,
      22.99999999999997,
      16.0,
      13.0,
      0,
      23.0,
      0,
      16.99999999999997,
      4.999999999999968,
      27.0,
      23.0,
      0,
      3.0,
      12.0,
      0
    ],
    "min_makespan": 35,
    "max_makespan": 52,
    "makespan": 35.0
  },
  "stats": [],
  "model": "base",
  "data_file": "ins-28",
  "solver": "z3 SAT",
  "TOTAL_TIME": 50.59361481666565
}