{
  "solution": {
    "width": 31,
    "n_circuits": 19,
    "widths": [
      3,
      3,
      3,
      3,
      3,
      3,
      3,
      3,
      3,
      3,
      3,
      3,
      3,
      3,
      4,
      4,
      4,
      4,
      12
    ],
    "heights": [
      3,
      4,
      5,
      6,
      7,
      8,
      9,
      10,
      11,
      12,
      13,
      14,
      22,
      31,
      3,
      7,
      8,
      13,
      31
    ],
    "x": [
      0,
      28.0,
      28.0,
      0,
      3.0,
      28.0,
      25.0,
      0,
      3.0,
      0,
      7.0,
      28.0,
      25.0,
      22.0,
      6.0,
      6.0,
      6.0,
      3.0,
      10.0
    ],
    "y": [
      28.0,
      22.0,
      26.0,
      12.000000000000028,
      0,
      0,
      22.0,
      18.0,
      20.0,
      0,
      7.0,
      7.999999999999972,
      0,
      0,
      20.0,
      0,
      23.0,
      7.0,
      0
    ],
    "min_makespan": 31,
    "max_makespan": 55,
    "makespan": 31.0
  },
  "stats": [],
  "model": "base",
  "data_file": "ins-24",
  "solver": "z3 SAT",
  "TOTAL_TIME": 33.4558265209198
}