{
  "solution": {
    "width": 25,
    "n_circuits": 19,
    "widths": [
      3,
      3,
      3,
      3,
      3,
      3,
      3,
      3,
      3,
      3,
      3,
      3,
      3,
      3,
      3,
      4,
      4,
      4,
      6
    ],
    "heights": [
      3,
      4,
      5,
      6,
      7,
      8,
      9,
      10,
      11,
      13,
      14,
      17,
      18,
      19,
      25,
      5,
      7,
      13,
      3
    ],
    "x": [
      12.0,
      3.0,
      0,
      19.0,
      22.0,
      3.0,
      12.0,
      3.0,
      9.0,
      16.0,
      9.0,
      0,
      22.0,
      19.0,
      6.0,
      15.0,
      15.0,
      12.0,
      0
    ],
    "y": [
      0,
      2.999999999999986,
      3.0,
      0,
      0,
      16.999999999999986,
      3.0,
      7.0,
      14.0,
      12.0,
      0,
      8.0,
      7.0,
      6.0,
      0,
      7.0,
      0,
      12.0,
      0
    ],
    "min_makespan": 25,
    "max_makespan": 42,
    "makespan": 25.0
  },
  "stats": [],
  "model": "base",
  "data_file": "ins-18",
  "solver": "z3 SAT",
  "TOTAL_TIME": 39.22161602973938
}