{
  "solution": {
    "width": 17,
    "n_circuits": 12,
    "widths": [
      3,
      3,
      3,
      3,
      3,
      3,
      3,
      4,
      4,
      4,
      7,
      7
    ],
    "heights": [
      3,
      4,
      5,
      6,
      7,
      8,
      9,
      3,
      8,
      14,
      3,
      6
    ],
    "x": [
      0,
      3.0,
      0,
      2.9999999999999973,
      3.000000000000001,
      10.000000000000007,
      0,
      6.0,
      13.000000000000007,
      5.999999999999997,
      10.0,
      10.0
    ],
    "y": [
      14.0,
      6.0,
      9.0,
      0,
      10.0,
      0,
      0,
      14.0,
      0,
      0,
      8.0,
      11.0
    ],
    "min_makespan": 17,
    "max_makespan": 21,
    "makespan": 17.0
  },
  "stats": [],
  "model": "base",
  "data_file": "ins-10",
  "solver": "z3 SAT",
  "TOTAL_TIME": 0.135695219039917
}