{
  "solution": {
    "width": 26,
    "n_circuits": 22,
    "widths": [
      3,
      3,
      3,
      3,
      3,
      3,
      3,
      3,
      3,
      3,
      3,
      3,
      3,
      3,
      3,
      4,
      4,
      4,
      4,
      4,
      4,
      4
    ],
    "heights": [
      3,
      4,
      5,
      6,
      7,
      8,
      9,
      10,
      11,
      12,
      14,
      15,
      16,
      17,
      19,
      3,
      4,
      5,
      7,
      8,
      11,
      14
    ],
    "x": [
      0,
      3.0,
      23.0,
      0,
      6.0,
      3.0,
      23.0,
      20.0,
      9.0,
      23.0,
      3.0,
      9.0,
      20.0,
      0,
      6.0,
      12.0,
      12.0,
      12.0,
      16.0,
      16.0,
      16.0,
      12.0
    ],
    "y": [
      17.0,
      22.0,
      0,
      20.0,
      19.0,
      14.0,
      16.999999999999986,
      0,
      0,
      5.0,
      0,
      11.0,
      10.0,
      0,
      0,
      23.0,
      0,
      18.000000000000014,
      19.0,
      11.0,
      0,
      4.000000000000028
    ],
    "min_makespan": 26,
    "max_makespan": 43,
    "makespan": 26.0
  },
  "stats": [],
  "model": "base",
  "data_file": "ins-19",
  "solver": "z3 SAT",
  "TOTAL_TIME": 93.17012619972229
}