{
  "solution": {
    "width": 28,
    "n_circuits": 22,
    "widths": [
      3,
      3,
      3,
      3,
      3,
      3,
      3,
      3,
      3,
      3,
      3,
      3,
      3,
      4,
      4,
      4,
      4,
      4,
      4,
      5,
      5,
      5
    ],
    "heights": [
      3,
      4,
      5,
      6,
      7,
      8,
      9,
      10,
      11,
      16,
      17,
      21,
      23,
      3,
      4,
      5,
      8,
      13,
      23,
      6,
      9,
      13
    ],
    "x": [
      25.0,
      0,
      22.0,
      5.0,
      19.0,
      0,
      25.0,
      0,
      8.0,
      25.0,
      12.0,
      19.0,
      22.0,
      11.0,
      8.0,
      15.0,
      11.0,
      3.0,
      15.0,
      0,
      3.0,
      7.0
    ],
    "y": [
      0,
      24.0,
      0,
      0,
      0,
      6.000000000000028,
      2.9999999999999716,
      14.0,
      0,
      12.0,
      11.0,
      7.0,
      5.0,
      0,
      11.0,
      0,
      3.0000000000000284,
      15.0,
      5.0,
      0,
      6.0,
      15.0
    ],
    "min_makespan": 28,
    "max_makespan": 50,
    "makespan": 28.0
  },
  "stats": [],
  "model": "base",
  "data_file": "ins-21",
  "solver": "z3 SAT",
  "TOTAL_TIME": 157.65739727020264
}