{
  "solution": {
    "width": 24,
    "n_circuits": 18,
    "widths": [
      3,
      3,
      3,
      3,
      3,
      3,
      3,
      3,
      3,
      3,
      3,
      3,
      4,
      4,
      4,
      4,
      5,
      5
    ],
    "heights": [
      3,
      4,
      5,
      6,
      7,
      8,
      9,
      10,
      12,
      14,
      18,
      24,
      3,
      4,
      5,
      12,
      8,
      16
    ],
    "x": [
      16.0,
      13.0,
      12.0,
      3.0,
      12.0,
      13.0,
      16.0,
      6.0,
      9.0,
      6.0,
      3.0,
      0,
      20.0,
      15.0,
      20.0,
      9.0,
      15.0,
      19.0
    ],
    "y": [
      12.0,
      12.0,
      7.000000000000014,
      0,
      0,
      16.0,
      15.0,
      14.0,
      0,
      0,
      6.0,
      0,
      0,
      8.0,
      3.0,
      12.0,
      0,
      8.0
    ],
    "min_makespan": 24,
    "max_makespan": 47,
    "makespan": 24.0
  },
  "stats": [],
  "model": "base",
  "data_file": "ins-17",
  "solver": "z3 SAT",
  "TOTAL_TIME": 45.11334538459778
}