{
  "solution": {
    "width": 21,
    "n_circuits": 15,
    "widths": [
      3,
      3,
      3,
      3,
      3,
      3,
      3,
      3,
      3,
      3,
      4,
      4,
      4,
      5,
      5
    ],
    "heights": [
      3,
      4,
      5,
      6,
      7,
      8,
      9,
      10,
      14,
      18,
      4,
      6,
      11,
      6,
      15
    ],
    "x": [
      0,
      18.0,
      7.0,
      7.0,
      10.0,
      18.0,
      18.0,
      7.0,
      10.0,
      0,
      3.0,
      3.0,
      3.0,
      13.0,
      13.0
    ],
    "y": [
      18.0,
      17.0,
      0,
      5.0,
      0,
      8.999999999999986,
      0,
      11.0,
      7.0,
      0,
      0,
      3.999999999999986,
      10.0,
      15.0,
      0
    ],
    "min_makespan": 21,
    "max_makespan": 33,
    "makespan": 21.0
  },
  "stats": [],
  "model": "base",
  "data_file": "ins-14",
  "solver": "z3 SAT",
  "TOTAL_TIME": 2.4556353092193604
}