{
  "solution": {
    "width": 22,
    "n_circuits": 16,
    "widths": [
      3,
      3,
      3,
      3,
      3,
      3,
      3,
      3,
      3,
      3,
      3,
      3,
      3,
      4,
      4,
      6
    ],
    "heights": [
      3,
      4,
      5,
      6,
      7,
      8,
      9,
      10,
      11,
      12,
      13,
      14,
      22,
      3,
      19,
      4
    ],
    "x": [
      0,
      0,
      3.0000000000000018,
      6.0,
      6.0,
      16.0,
      6.0,
      19.0,
      0,
      19.0,
      3.0,
      16.0,
      13.0,
      9.0,
      9.0,
      0
    ],
    "y": [
      4.0,
      7.0,
      4.0,
      0,
      5.999999999999986,
      0,
      13.0,
      12.0,
      11.0,
      0,
      8.999999999999986,
      8.0,
      0,
      19.0,
      0,
      0
    ],
    "min_makespan": 22,
    "max_makespan": 40,
    "makespan": 22.0
  },
  "stats": [],
  "model": "base",
  "data_file": "ins-15",
  "solver": "z3 SAT",
  "TOTAL_TIME": 7.59417986869812
}