{
  "solution": {
    "width": 27,
    "n_circuits": 21,
    "widths": [
      3,
      3,
      3,
      3,
      3,
      3,
      3,
      3,
      3,
      3,
      3,
      3,
      3,
      4,
      4,
      4,
      4,
      4,
      4,
      4,
      4
    ],
    "heights": [
      3,
      4,
      5,
      6,
      7,
      8,
      9,
      10,
      11,
      12,
      19,
      20,
      21,
      3,
      4,
      6,
      7,
      8,
      14,
      19,
      20
    ],
    "x": [
      10.0,
      13.0,
      10.0,
      7.0,
      0,
      20.0,
      20.0,
      20.0,
      13.0,
      13.0,
      10.0,
      0,
      7.0,
      23.0,
      23.0,
      23.0,
      16.0,
      3.0,
      23.0,
      3.0,
      16.0
    ],
    "y": [
      18.999999999999986,
      23.0,
      22.0,
      0,
      20.0,
      19.0,
      0,
      9.0,
      0,
      11.0,
      0,
      0,
      6.0,
      19.999999999999986,
      23.0,
      14.0,
      20.0,
      0,
      0,
      8.0,
      0
    ],
    "min_makespan": 27,
    "max_makespan": 43,
    "makespan": 27.0
  },
  "stats": [],
  "model": "base",
  "data_file": "ins-20",
  "solver": "z3 SAT",
  "TOTAL_TIME": 45.29199957847595
}