{
  "solution": {
    "width": 23,
    "n_circuits": 19,
    "widths": [
      3,
      3,
      3,
      3,
      3,
      3,
      3,
      3,
      3,
      3,
      3,
      3,
      4,
      4,
      4,
      4,
      4,
      4,
      6
    ],
    "heights": [
      3,
      4,
      5,
      6,
      7,
      8,
      9,
      10,
      11,
      12,
      14,
      20,
      3,
      4,
      6,
      10,
      11,
      12,
      3
    ],
    "x": [
      0,
      0,
      10.0,
      0,
      0,
      10.0,
      13.0,
      10.0,
      16.0,
      16.0,
      13.0,
      3.0,
      19.0,
      19.0,
      19.0,
      19.0,
      6.0,
      6.0,
      0
    ],
    "y": [
      12.999999999999998,
      3.0000000000000266,
      18.0,
      7.000000000000012,
      16.0,
      0,
      14.0,
      8.0,
      12.0,
      0,
      0,
      3.0,
      20.0,
      16.0,
      0,
      6.0,
      0,
      11.0,
      0
    ],
    "min_makespan": 23,
    "max_makespan": 43,
    "makespan": 23.0
  },
  "stats": [],
  "model": "base",
  "data_file": "ins-16",
  "solver": "z3 SAT",
  "TOTAL_TIME": 33.41799187660217
}