{
  "solution": {
    "width": 27,
    "n_circuits": 21,
    "widths": [
      4,
      4,
      3,
      3,
      3,
      4,
      3,
      3,
      4,
      3,
      4,
      3,
      3,
      4,
      3,
      3,
      4,
      3,
      3,
      4,
      3
    ],
    "heights": [
      20,
      19,
      21,
      20,
      19,
      14,
      12,
      11,
      8,
      10,
      7,
      9,
      8,
      6,
      7,
      6,
      4,
      5,
      4,
      3,
      3
    ],
    "x": [
      0,
      4,
      8,
      11,
      14,
      17,
      21,
      21,
      4,
      24,
      0,
      24,
      14,
      17,
      11,
      8,
      17,
      24,
      21,
      17,
      24
    ],
    "y": [
      0,
      0,
      0,
      0,
      0,
      0,
      0,
      12,
      19,
      0,
      20,
      10,
      19,
      14,
      20,
      21,
      20,
      19,
      23,
      24,
      24
    ],
    "min_makespan": 27,
    "max_makespan": 33,
    "makespan": 27
  },
  "stats": {
    "paths": 0,
    "flatBoolVars": 565,
    "flatIntVars": 106,
    "flatBoolConstraints": 226,
    "flatIntConstraints": 523,
    "evaluatedReifiedConstraints": 452,
    "flatTime": 0.0900671,
    "initTime": 0.003819,
    "solveTime": 239.535,
    "solutions": 1,
    "variables": 671,
    "propagators": 736,
    "propagations": 571054587,
    "nodes": 15640636,
    "failures": 7751821,
    "restarts": 8192,
    "peakDepth": 43,
    "nSolutions": 1
  },
  "TOTAL_TIME": 239.65,
  "solver": "Gecode",
  "model": "search.symmetry",
  "data_file": "ins-20"
}