{
  "solution": {
    "width": 23,
    "n_circuits": 19,
    "widths": [
      3,
      4,
      4,
      3,
      4,
      3,
      3,
      3,
      3,
      3,
      4,
      3,
      3,
      6,
      4,
      3,
      3,
      4,
      3
    ],
    "heights": [
      20,
      12,
      11,
      14,
      10,
      12,
      11,
      10,
      9,
      8,
      6,
      7,
      6,
      3,
      4,
      5,
      4,
      3,
      3
    ],
    "x": [
      0,
      3,
      3,
      7,
      10,
      14,
      14,
      17,
      7,
      20,
      10,
      20,
      17,
      17,
      10,
      20,
      17,
      10,
      0
    ],
    "y": [
      0,
      0,
      12,
      0,
      0,
      0,
      12,
      0,
      14,
      0,
      10,
      8,
      10,
      20,
      16,
      15,
      16,
      20,
      20
    ],
    "min_makespan": 23,
    "max_makespan": 33,
    "makespan": 23
  },
  "stats": {
    "paths": 0,
    "flatBoolVars": 445,
    "flatIntVars": 96,
    "flatBoolConstraints": 178,
    "flatIntConstraints": 421,
    "evaluatedReifiedConstraints": 356,
    "flatTime": 0.0830374,
    "initTime": 0.003208,
    "solveTime": 83.0358,
    "solutions": 1,
    "variables": 541,
    "propagators": 598,
    "propagations": 156610178,
    "nodes": 7423305,
    "failures": 3682075,
    "restarts": 4096,
    "peakDepth": 52,
    "nSolutions": 1
  },
  "TOTAL_TIME": 83.14,
  "solver": "Gecode",
  "model": "search.symmetry",
  "data_file": "ins-16"
}