{
  "solution": {
    "width": 15,
    "n_circuits": 25,
    "widths": [
      7,
      6,
      6,
      7,
      3,
      3,
      3,
      3,
      3,
      2,
      3,
      3,
      2,
      2,
      2,
      2,
      2,
      2,
      1,
      2,
      1,
      1,
      1,
      1,
      1
    ],
    "heights": [
      12,
      12,
      9,
      7,
      16,
      16,
      10,
      10,
      9,
      12,
      5,
      5,
      7,
      7,
      6,
      5,
      5,
      4,
      7,
      3,
      6,
      5,
      5,
      4,
      3
    ],
    "x": [
      0,
      0,
      0,
      0,
      6,
      7,
      9,
      9,
      10,
      12,
      6,
      10,
      12,
      12,
      10,
      13,
      13,
      13,
      14,
      7,
      14,
      14,
      14,
      9,
      14
    ],
    "y": [
      0,
      19,
      31,
      12,
      19,
      0,
      20,
      30,
      0,
      14,
      35,
      9,
      26,
      33,
      14,
      0,
      5,
      10,
      14,
      16,
      21,
      27,
      32,
      16,
      37
    ],
    "min_makespan": 40,
    "max_makespan": 51,
    "makespan": 40
  },
  "stats": {
    "paths": 0,
    "flatBoolVars": 480,
    "flatIntVars": 126,
    "flatBoolConstraints": 192,
    "flatIntConstraints": 473,
    "evaluatedReifiedConstraints": 384,
    "flatTime": 0.100211,
    "initTime": 0.003471,
    "solveTime": 0.003653,
    "solutions": 1,
    "variables": 606,
    "propagators": 667,
    "propagations": 16598,
    "nodes": 184,
    "failures": 65,
    "restarts": 2,
    "peakDepth": 72,
    "nSolutions": 1
  },
  "TOTAL_TIME": 0.12,
  "solver": "Gecode",
  "model": "search.symmetry",
  "data_file": "ins-36"
}