{
  "solution": {
    "width": 31,
    "n_circuits": 19,
    "widths": [
      12,
      3,
      3,
      4,
      3,
      3,
      3,
      3,
      4,
      3,
      4,
      3,
      3,
      3,
      3,
      3,
      3,
      4,
      3
    ],
    "heights": [
      31,
      31,
      22,
      13,
      14,
      13,
      12,
      11,
      8,
      10,
      7,
      9,
      8,
      7,
      6,
      5,
      4,
      3,
      3
    ],
    "x": [
      0,
      12,
      15,
      18,
      18,
      21,
      28,
      24,
      27,
      22,
      24,
      15,
      28,
      25,
      25,
      21,
      18,
      27,
      22
    ],
    "y": [
      0,
      0,
      0,
      0,
      13,
      13,
      0,
      20,
      20,
      0,
      13,
      22,
      12,
      0,
      7,
      26,
      27,
      28,
      10
    ],
    "min_makespan": 31,
    "max_makespan": 38,
    "makespan": 31
  },
  "stats": {
    "paths": 0,
    "flatBoolVars": 510,
    "flatIntVars": 96,
    "flatBoolConstraints": 204,
    "flatIntConstraints": 473,
    "evaluatedReifiedConstraints": 408,
    "flatTime": 0.0829076,
    "initTime": 0.003738,
    "solveTime": 18.3966,
    "solutions": 1,
    "variables": 606,
    "propagators": 655,
    "propagations": 49311797,
    "nodes": 1502359,
    "failures": 743796,
    "restarts": 1024,
    "peakDepth": 42,
    "nSolutions": 1
  },
  "TOTAL_TIME": 18.5,
  "solver": "Gecode",
  "model": "search.symmetry",
  "data_file": "ins-24"
}