{
  "solution": {
    "width": 26,
    "n_circuits": 22,
    "widths": [
      3,
      4,
      3,
      3,
      3,
      4,
      3,
      3,
      3,
      4,
      3,
      4,
      3,
      3,
      3,
      4,
      3,
      4,
      3,
      3,
      4,
      3
    ],
    "heights": [
      19,
      14,
      17,
      16,
      15,
      11,
      14,
      12,
      11,
      8,
      10,
      7,
      9,
      8,
      7,
      5,
      6,
      4,
      5,
      4,
      3,
      3
    ],
    "x": [
      0,
      16,
      20,
      3,
      9,
      12,
      23,
      12,
      6,
      0,
      15,
      4,
      6,
      23,
      9,
      8,
      20,
      12,
      23,
      20,
      16,
      3
    ],
    "y": [
      0,
      10,
      0,
      0,
      0,
      12,
      0,
      0,
      0,
      19,
      0,
      20,
      11,
      14,
      15,
      22,
      17,
      23,
      22,
      23,
      24,
      16
    ],
    "min_makespan": 26,
    "max_makespan": 37,
    "makespan": 27
  },
  "stats": {
    "paths": 0,
    "flatBoolVars": 665,
    "flatIntVars": 111,
    "flatBoolConstraints": 266,
    "flatIntConstraints": 606,
    "evaluatedReifiedConstraints": 532,
    "flatTime": 0.0935249,
    "initTime": 0.004601,
    "solveTime": 299.903,
    "solutions": 3,
    "variables": 776,
    "propagators": 874,
    "propagations": 1258445293,
    "nodes": 23774818,
    "failures": 11887394,
    "restarts": 0,
    "peakDepth": 61,
    "nSolutions": 1
  },
  "TOTAL_TIME": 300.02,
  "solver": "Gecode",
  "model": "symmetry",
  "data_file": "ins-19"
}