{
  "solution": {
    "width": 29,
    "n_circuits": 24,
    "widths": [
      5,
      4,
      4,
      3,
      4,
      3,
      3,
      5,
      4,
      3,
      3,
      4,
      3,
      3,
      4,
      3,
      4,
      5,
      3,
      4,
      3,
      3,
      4,
      3
    ],
    "heights": [
      17,
      20,
      18,
      20,
      15,
      18,
      15,
      8,
      9,
      11,
      10,
      7,
      9,
      8,
      6,
      7,
      5,
      4,
      6,
      4,
      5,
      4,
      3,
      3
    ],
    "x": [
      3,
      25,
      14,
      0,
      21,
      18,
      11,
      13,
      9,
      8,
      21,
      25,
      3,
      6,
      9,
      18,
      18,
      0,
      0,
      13,
      22,
      8,
      5,
      25
    ],
    "y": [
      0,
      0,
      0,
      0,
      10,
      0,
      0,
      22,
      15,
      0,
      0,
      20,
      17,
      17,
      24,
      18,
      25,
      26,
      20,
      18,
      25,
      11,
      26,
      27
    ],
    "min_makespan": 29,
    "max_makespan": 41,
    "makespan": 30
  },
  "stats": {
    "paths": 0,
    "flatBoolVars": 585,
    "flatIntVars": 121,
    "flatBoolConstraints": 234,
    "flatIntConstraints": 548,
    "evaluatedReifiedConstraints": 468,
    "flatTime": 0.0979484,
    "initTime": 0.003988,
    "solveTime": 299.899,
    "solutions": 4,
    "variables": 706,
    "propagators": 784,
    "propagations": 1218196765,
    "nodes": 23700346,
    "failures": 11850151,
    "restarts": 0,
    "peakDepth": 58,
    "nSolutions": 1
  },
  "TOTAL_TIME": 300.02,
  "solver": "Gecode",
  "model": "symmetry",
  "data_file": "ins-22"
}