{
  "solution": {
    "width": 30,
    "n_circuits": 28,
    "widths": [
      13,
      11,
      11,
      8,
      5,
      5,
      5,
      11,
      4,
      5,
      5,
      3,
      3,
      3,
      11,
      7,
      5,
      8,
      4,
      2,
      3,
      5,
      4,
      5,
      3,
      4,
      2,
      3
    ],
    "heights": [
      21,
      17,
      14,
      14,
      21,
      18,
      18,
      7,
      18,
      14,
      14,
      21,
      18,
      17,
      4,
      6,
      7,
      4,
      7,
      12,
      7,
      4,
      5,
      3,
      5,
      3,
      6,
      4
    ],
    "x": [
      5,
      5,
      0,
      11,
      18,
      0,
      0,
      0,
      21,
      11,
      16,
      19,
      22,
      16,
      0,
      23,
      23,
      19,
      23,
      25,
      25,
      0,
      22,
      5,
      25,
      25,
      19,
      25
    ],
    "y": [
      0,
      21,
      41,
      38,
      0,
      5,
      23,
      55,
      48,
      52,
      52,
      25,
      30,
      21,
      62,
      14,
      7,
      21,
      0,
      30,
      42,
      0,
      25,
      38,
      49,
      58,
      46,
      54
    ],
    "min_makespan": 60,
    "max_makespan": 79,
    "makespan": 66
  },
  "stats": {
    "paths": 0,
    "flatBoolVars": 440,
    "flatIntVars": 141,
    "flatBoolConstraints": 176,
    "flatIntConstraints": 446,
    "evaluatedReifiedConstraints": 352,
    "flatTime": 0.107767,
    "initTime": 0.003271,
    "solveTime": 299.889,
    "solutions": 14,
    "variables": 581,
    "propagators": 624,
    "propagations": 1059978001,
    "nodes": 17379286,
    "failures": 8689571,
    "restarts": 0,
    "peakDepth": 96,
    "nSolutions": 1
  },
  "TOTAL_TIME": 300.02,
  "solver": "Gecode",
  "model": "symmetry",
  "data_file": "ins-37"
}