{
  "solution": {
    "width": 27,
    "n_circuits": 21,
    "widths": [
      4,
      4,
      3,
      3,
      3,
      4,
      3,
      3,
      4,
      3,
      4,
      3,
      3,
      4,
      3,
      3,
      4,
      3,
      3,
      4,
      3
    ],
    "heights": [
      20,
      19,
      21,
      20,
      19,
      14,
      12,
      11,
      8,
      10,
      7,
      9,
      8,
      6,
      7,
      6,
      4,
      5,
      4,
      3,
      3
    ],
    "x": [
      0,
      4,
      24,
      21,
      18,
      8,
      15,
      12,
      4,
      8,
      17,
      12,
      21,
      0,
      15,
      24,
      12,
      14,
      11,
      0,
      8
    ],
    "y": [
      0,
      0,
      0,
      0,
      0,
      10,
      0,
      0,
      19,
      0,
      19,
      11,
      20,
      20,
      12,
      21,
      20,
      24,
      24,
      26,
      24
    ],
    "min_makespan": 27,
    "max_makespan": 33,
    "makespan": 29
  },
  "stats": {
    "paths": 0,
    "flatBoolVars": 565,
    "flatIntVars": 106,
    "flatBoolConstraints": 226,
    "flatIntConstraints": 523,
    "evaluatedReifiedConstraints": 452,
    "flatTime": 0.090201,
    "initTime": 0.00386,
    "solveTime": 299.907,
    "solutions": 2,
    "variables": 671,
    "propagators": 736,
    "propagations": 921081685,
    "nodes": 16482966,
    "failures": 8241465,
    "restarts": 0,
    "peakDepth": 55,
    "nSolutions": 1
  },
  "TOTAL_TIME": 300.02,
  "solver": "Gecode",
  "model": "symmetry",
  "data_file": "ins-20"
}