{
  "solution": {
    "width": 33,
    "n_circuits": 23,
    "widths": [
      7,
      3,
      3,
      3,
      4,
      4,
      3,
      4,
      3,
      3,
      4,
      3,
      3,
      3,
      3,
      4,
      3,
      3,
      4,
      3,
      3,
      4,
      3
    ],
    "heights": [
      33,
      33,
      30,
      24,
      17,
      14,
      17,
      12,
      15,
      14,
      10,
      13,
      10,
      9,
      8,
      6,
      7,
      6,
      4,
      5,
      4,
      3,
      3
    ],
    "x": [
      3,
      30,
      0,
      16,
      19,
      26,
      23,
      22,
      10,
      13,
      14,
      26,
      13,
      10,
      19,
      10,
      27,
      18,
      10,
      24,
      21,
      18,
      0
    ],
    "y": [
      0,
      0,
      0,
      0,
      0,
      13,
      0,
      17,
      0,
      0,
      24,
      0,
      14,
      15,
      17,
      24,
      27,
      28,
      30,
      29,
      29,
      25,
      30
    ],
    "min_makespan": 33,
    "max_makespan": 43,
    "makespan": 34
  },
  "stats": {
    "paths": 0,
    "flatBoolVars": 665,
    "flatIntVars": 116,
    "flatBoolConstraints": 266,
    "flatIntConstraints": 609,
    "evaluatedReifiedConstraints": 532,
    "flatTime": 0.109124,
    "initTime": 0.004879,
    "solveTime": 299.887,
    "solutions": 4,
    "variables": 781,
    "propagators": 847,
    "propagations": 1153251767,
    "nodes": 19676572,
    "failures": 9838264,
    "restarts": 0,
    "peakDepth": 68,
    "nSolutions": 1
  },
  "TOTAL_TIME": 300.02,
  "solver": "Gecode",
  "model": "symmetry",
  "data_file": "ins-26"
}