{
  "solution": {
    "width": 15,
    "n_circuits": 25,
    "widths": [
      5,
      4,
      4,
      4,
      3,
      3,
      3,
      3,
      2,
      4,
      2,
      2,
      2,
      3,
      4,
      2,
      5,
      5,
      2,
      2,
      2,
      3,
      2,
      4,
      2
    ],
    "heights": [
      13,
      13,
      12,
      11,
      13,
      11,
      11,
      9,
      13,
      6,
      12,
      11,
      11,
      7,
      5,
      9,
      3,
      3,
      7,
      6,
      5,
      2,
      2,
      1,
      1
    ],
    "x": [
      0,
      0,
      5,
      2,
      7,
      2,
      2,
      6,
      0,
      2,
      5,
      0,
      0,
      6,
      6,
      4,
      4,
      5,
      5,
      7,
      6,
      8,
      0,
      4,
      0
    ],
    "y": [
      0,
      52,
      22,
      35,
      0,
      13,
      24,
      34,
      13,
      46,
      0,
      26,
      37,
      43,
      55,
      52,
      61,
      19,
      12,
      13,
      50,
      50,
      48,
      64,
      50
    ],
    "min_makespan": 40,
    "max_makespan": 66,
    "makespan": 65
  },
  "stats": {
    "paths": 0,
    "flatBoolVars": 510,
    "flatIntVars": 126,
    "flatBoolConstraints": 204,
    "flatIntConstraints": 494,
    "evaluatedReifiedConstraints": 408,
    "flatTime": 0.104461,
    "initTime": 0.003632,
    "solveTime": 299.892,
    "solutions": 2,
    "variables": 636,
    "propagators": 700,
    "propagations": 1425917737,
    "nodes": 20261417,
    "failures": 10130689,
    "restarts": 0,
    "peakDepth": 89,
    "nSolutions": 1
  },
  "TOTAL_TIME": 300.02,
  "solver": "Gecode",
  "model": "symmetry",
  "data_file": "ins-34"
}