{
  "solution": {
    "width": 37,
    "n_circuits": 27,
    "widths": [
      12,
      4,
      4,
      5,
      3,
      3,
      3,
      5,
      3,
      4,
      3,
      3,
      3,
      5,
      3,
      3,
      4,
      3,
      4,
      5,
      3,
      4,
      3,
      5,
      3,
      4,
      3
    ],
    "heights": [
      37,
      24,
      22,
      14,
      21,
      18,
      17,
      10,
      14,
      10,
      13,
      12,
      11,
      6,
      9,
      8,
      6,
      7,
      5,
      4,
      6,
      4,
      5,
      3,
      4,
      3,
      3
    ],
    "x": [
      0,
      33,
      21,
      25,
      15,
      12,
      27,
      16,
      18,
      12,
      30,
      24,
      21,
      25,
      30,
      18,
      33,
      30,
      33,
      20,
      17,
      12,
      30,
      12,
      30,
      33,
      12
    ],
    "y": [
      0,
      0,
      12,
      17,
      0,
      0,
      0,
      22,
      0,
      21,
      0,
      0,
      0,
      31,
      13,
      14,
      24,
      22,
      30,
      34,
      32,
      31,
      29,
      35,
      34,
      35,
      18
    ],
    "min_makespan": 37,
    "max_makespan": 49,
    "makespan": 38
  },
  "stats": {
    "paths": 0,
    "flatBoolVars": 670,
    "flatIntVars": 136,
    "flatBoolConstraints": 268,
    "flatIntConstraints": 625,
    "evaluatedReifiedConstraints": 536,
    "flatTime": 0.145704,
    "initTime": 0.005063,
    "solveTime": 299.851,
    "solutions": 5,
    "variables": 806,
    "propagators": 895,
    "propagations": 725772800,
    "nodes": 19225842,
    "failures": 9612900,
    "restarts": 0,
    "peakDepth": 85,
    "nSolutions": 1
  },
  "TOTAL_TIME": 300.02,
  "solver": "Gecode",
  "model": "symmetry",
  "data_file": "ins-30"
}