{
  "solution": {
    "width": 25,
    "n_circuits": 19,
    "widths": [
      3,
      3,
      3,
      4,
      3,
      3,
      3,
      3,
      3,
      4,
      3,
      3,
      3,
      4,
      3,
      6,
      3,
      3,
      3
    ],
    "heights": [
      25,
      19,
      18,
      13,
      17,
      14,
      13,
      11,
      10,
      7,
      9,
      8,
      7,
      5,
      6,
      3,
      5,
      4,
      3
    ],
    "x": [
      6,
      22,
      0,
      18,
      3,
      15,
      18,
      9,
      12,
      9,
      12,
      9,
      15,
      13,
      3,
      0,
      0,
      22,
      22
    ],
    "y": [
      0,
      0,
      0,
      13,
      0,
      0,
      0,
      0,
      0,
      19,
      10,
      11,
      14,
      21,
      17,
      23,
      18,
      19,
      23
    ],
    "min_makespan": 25,
    "max_makespan": 30,
    "makespan": 26
  },
  "stats": {
    "paths": 0,
    "flatBoolVars": 560,
    "flatIntVars": 96,
    "flatBoolConstraints": 224,
    "flatIntConstraints": 513,
    "evaluatedReifiedConstraints": 448,
    "flatTime": 0.0847363,
    "initTime": 0.003786,
    "solveTime": 299.912,
    "solutions": 3,
    "variables": 656,
    "propagators": 682,
    "propagations": 1622726638,
    "nodes": 16505513,
    "failures": 8252736,
    "restarts": 0,
    "peakDepth": 49,
    "nSolutions": 1
  },
  "TOTAL_TIME": 300.02,
  "solver": "Gecode",
  "model": "symmetry",
  "data_file": "ins-18"
}