{
  "solution": {
    "width": 38,
    "n_circuits": 19,
    "widths": [
      24,
      4,
      4,
      4,
      4,
      3,
      3,
      4,
      3,
      3,
      3,
      4,
      3,
      4,
      3,
      3,
      3,
      4,
      3
    ],
    "heights": [
      38,
      16,
      15,
      12,
      11,
      13,
      11,
      8,
      10,
      9,
      8,
      6,
      7,
      5,
      6,
      5,
      4,
      3,
      3
    ],
    "x": [
      0,
      30,
      34,
      24,
      28,
      27,
      24,
      24,
      34,
      32,
      35,
      24,
      35,
      28,
      32,
      31,
      28,
      28,
      24
    ],
    "y": [
      0,
      0,
      10,
      14,
      21,
      0,
      0,
      26,
      0,
      25,
      25,
      34,
      33,
      32,
      34,
      16,
      16,
      37,
      11
    ],
    "min_makespan": 38,
    "max_makespan": 45,
    "makespan": 40
  },
  "stats": {
    "paths": 0,
    "flatBoolVars": 390,
    "flatIntVars": 96,
    "flatBoolConstraints": 156,
    "flatIntConstraints": 377,
    "evaluatedReifiedConstraints": 312,
    "flatTime": 0.079793,
    "initTime": 0.002822,
    "solveTime": 299.917,
    "solutions": 2,
    "variables": 486,
    "propagators": 535,
    "propagations": 1510837817,
    "nodes": 26734550,
    "failures": 13367263,
    "restarts": 0,
    "peakDepth": 61,
    "nSolutions": 1
  },
  "TOTAL_TIME": 300.01,
  "solver": "Gecode",
  "model": "symmetry",
  "data_file": "ins-31"
}