{
  "solution": {
    "width": 15,
    "n_circuits": 25,
    "widths": [
      7,
      6,
      6,
      7,
      3,
      3,
      3,
      3,
      3,
      2,
      3,
      3,
      2,
      2,
      2,
      2,
      2,
      2,
      1,
      2,
      1,
      1,
      1,
      1,
      1
    ],
    "heights": [
      12,
      12,
      9,
      7,
      16,
      16,
      10,
      10,
      9,
      12,
      5,
      5,
      7,
      7,
      6,
      5,
      5,
      4,
      7,
      3,
      6,
      5,
      5,
      4,
      3
    ],
    "x": [
      2,
      2,
      3,
      0,
      9,
      11,
      8,
      8,
      12,
      13,
      0,
      0,
      0,
      0,
      11,
      0,
      0,
      12,
      14,
      9,
      14,
      7,
      12,
      14,
      7
    ],
    "y": [
      0,
      29,
      12,
      22,
      0,
      25,
      21,
      31,
      4,
      13,
      12,
      17,
      0,
      29,
      18,
      7,
      36,
      0,
      25,
      16,
      32,
      21,
      13,
      0,
      26
    ],
    "min_makespan": 40,
    "max_makespan": 51,
    "makespan": 41
  },
  "stats": {
    "paths": 0,
    "flatBoolVars": 480,
    "flatIntVars": 126,
    "flatBoolConstraints": 192,
    "flatIntConstraints": 473,
    "evaluatedReifiedConstraints": 384,
    "flatTime": 0.100961,
    "initTime": 0.003665,
    "solveTime": 299.896,
    "solutions": 11,
    "variables": 606,
    "propagators": 667,
    "propagations": 1307122905,
    "nodes": 17959101,
    "failures": 8979518,
    "restarts": 0,
    "peakDepth": 112,
    "nSolutions": 1
  },
  "TOTAL_TIME": 300.02,
  "solver": "Gecode",
  "model": "symmetry",
  "data_file": "ins-36"
}