{
  "solution": {
    "width": 39,
    "n_circuits": 29,
    "widths": [
      15,
      5,
      5,
      4,
      4,
      5,
      5,
      4,
      3,
      5,
      4,
      3,
      4,
      3,
      5,
      3,
      5,
      3,
      4,
      3,
      4,
      5,
      3,
      4,
      3,
      5,
      3,
      4,
      3
    ],
    "heights": [
      39,
      18,
      13,
      16,
      15,
      11,
      10,
      12,
      15,
      8,
      9,
      11,
      8,
      10,
      6,
      9,
      5,
      8,
      6,
      7,
      5,
      4,
      6,
      4,
      5,
      3,
      4,
      3,
      3
    ],
    "x": [
      0,
      15,
      20,
      25,
      29,
      30,
      25,
      35,
      36,
      30,
      26,
      33,
      18,
      20,
      21,
      15,
      26,
      22,
      35,
      18,
      35,
      21,
      15,
      31,
      15,
      15,
      33,
      31,
      35
    ],
    "y": [
      0,
      0,
      10,
      0,
      0,
      15,
      16,
      15,
      0,
      26,
      26,
      0,
      23,
      0,
      31,
      18,
      35,
      23,
      27,
      31,
      33,
      37,
      27,
      34,
      33,
      38,
      11,
      38,
      38
    ],
    "min_makespan": 39,
    "max_makespan": 46,
    "makespan": 41
  },
  "stats": {
    "paths": 0,
    "flatBoolVars": 680,
    "flatIntVars": 146,
    "flatBoolConstraints": 272,
    "flatIntConstraints": 639,
    "evaluatedReifiedConstraints": 544,
    "flatTime": 0.118726,
    "initTime": 0.004729,
    "solveTime": 299.878,
    "solutions": 2,
    "variables": 826,
    "propagators": 913,
    "propagations": 709238700,
    "nodes": 17350435,
    "failures": 8675199,
    "restarts": 0,
    "peakDepth": 68,
    "nSolutions": 1
  },
  "TOTAL_TIME": 300.02,
  "solver": "Gecode",
  "model": "symmetry",
  "data_file": "ins-32"
}