{
  "solution": {
    "width": 30,
    "n_circuits": 20,
    "widths": [
      11,
      3,
      3,
      3,
      3,
      3,
      4,
      3,
      4,
      3,
      3,
      3,
      4,
      3,
      3,
      4,
      3,
      3,
      4,
      3
    ],
    "heights": [
      30,
      25,
      19,
      16,
      14,
      13,
      9,
      11,
      8,
      10,
      9,
      8,
      6,
      7,
      6,
      4,
      5,
      4,
      3,
      3
    ],
    "x": [
      0,
      20,
      23,
      11,
      26,
      17,
      26,
      14,
      26,
      14,
      17,
      11,
      19,
      23,
      14,
      15,
      23,
      11,
      11,
      17
    ],
    "y": [
      0,
      0,
      0,
      0,
      0,
      0,
      14,
      0,
      23,
      11,
      13,
      16,
      25,
      19,
      21,
      27,
      26,
      24,
      28,
      22
    ],
    "min_makespan": 30,
    "max_makespan": 36,
    "makespan": 31
  },
  "stats": {
    "paths": 0,
    "flatBoolVars": 530,
    "flatIntVars": 101,
    "flatBoolConstraints": 212,
    "flatIntConstraints": 492,
    "evaluatedReifiedConstraints": 424,
    "flatTime": 0.086808,
    "initTime": 0.003602,
    "solveTime": 299.91,
    "solutions": 3,
    "variables": 631,
    "propagators": 694,
    "propagations": 1358831000,
    "nodes": 27704303,
    "failures": 13852134,
    "restarts": 0,
    "peakDepth": 53,
    "nSolutions": 1
  },
  "TOTAL_TIME": 300.02,
  "solver": "Gecode",
  "model": "symmetry",
  "data_file": "ins-23"
}