{
  "solution": {
    "width": 31,
    "n_circuits": 19,
    "widths": [
      12,
      3,
      3,
      4,
      3,
      3,
      3,
      3,
      4,
      3,
      4,
      3,
      3,
      3,
      3,
      3,
      3,
      4,
      3
    ],
    "heights": [
      31,
      31,
      22,
      13,
      14,
      13,
      12,
      11,
      8,
      10,
      7,
      9,
      8,
      7,
      6,
      5,
      4,
      3,
      3
    ],
    "x": [
      0,
      28,
      25,
      18,
      15,
      12,
      22,
      22,
      18,
      12,
      15,
      25,
      22,
      15,
      19,
      12,
      19,
      12,
      16
    ],
    "y": [
      0,
      0,
      0,
      0,
      0,
      0,
      0,
      12,
      13,
      13,
      21,
      22,
      23,
      14,
      21,
      23,
      27,
      28,
      28
    ],
    "min_makespan": 31,
    "max_makespan": 38,
    "makespan": 31
  },
  "stats": {
    "paths": 0,
    "flatBoolVars": 510,
    "flatIntVars": 96,
    "flatBoolConstraints": 204,
    "flatIntConstraints": 473,
    "evaluatedReifiedConstraints": 408,
    "flatTime": 0.0846605,
    "initTime": 0.00345,
    "solveTime": 74.0818,
    "solutions": 4,
    "variables": 606,
    "propagators": 655,
    "propagations": 356003338,
    "nodes": 6938519,
    "failures": 3469243,
    "restarts": 0,
    "peakDepth": 62,
    "nSolutions": 1
  },
  "TOTAL_TIME": 74.19,
  "solver": "Gecode",
  "model": "symmetry",
  "data_file": "ins-24"
}