{
  "solution": {
    "width": 36,
    "n_circuits": 23,
    "widths": [
      12,
      3,
      4,
      5,
      3,
      5,
      3,
      3,
      4,
      3,
      3,
      3,
      3,
      3,
      3,
      3,
      5,
      3,
      3,
      5,
      3,
      4,
      3
    ],
    "heights": [
      36,
      36,
      22,
      15,
      24,
      14,
      16,
      15,
      11,
      14,
      12,
      11,
      10,
      9,
      8,
      7,
      4,
      6,
      5,
      3,
      4,
      3,
      3
    ],
    "x": [
      3,
      33,
      15,
      19,
      24,
      19,
      27,
      0,
      15,
      30,
      30,
      0,
      30,
      27,
      24,
      0,
      19,
      27,
      27,
      15,
      24,
      20,
      0
    ],
    "y": [
      0,
      0,
      0,
      0,
      0,
      15,
      0,
      0,
      22,
      0,
      14,
      15,
      26,
      16,
      24,
      26,
      29,
      25,
      31,
      33,
      32,
      33,
      33
    ],
    "min_makespan": 36,
    "max_makespan": 46,
    "makespan": 36
  },
  "stats": {
    "paths": 0,
    "flatBoolVars": 610,
    "flatIntVars": 116,
    "flatBoolConstraints": 244,
    "flatIntConstraints": 565,
    "evaluatedReifiedConstraints": 488,
    "flatTime": 0.0973707,
    "initTime": 0.004086,
    "solveTime": 261.88,
    "solutions": 4,
    "variables": 726,
    "propagators": 793,
    "propagations": 1154490233,
    "nodes": 17756001,
    "failures": 8877987,
    "restarts": 0,
    "peakDepth": 68,
    "nSolutions": 1
  },
  "TOTAL_TIME": 262.0,
  "solver": "Gecode",
  "model": "symmetry",
  "data_file": "ins-29"
}