{
  "solution": {
    "width": 15,
    "n_circuits": 25,
    "widths": [
      4,
      7,
      4,
      5,
      4,
      4,
      4,
      5,
      3,
      2,
      2,
      5,
      2,
      2,
      2,
      4,
      2,
      4,
      3,
      1,
      2,
      2,
      1,
      3,
      1
    ],
    "heights": [
      26,
      10,
      12,
      9,
      11,
      8,
      8,
      5,
      8,
      11,
      11,
      4,
      10,
      7,
      6,
      3,
      6,
      2,
      2,
      6,
      3,
      3,
      4,
      1,
      3
    ],
    "x": [
      4,
      4,
      8,
      8,
      0,
      0,
      0,
      8,
      12,
      2,
      13,
      4,
      13,
      11,
      13,
      0,
      13,
      9,
      9,
      12,
      0,
      0,
      1,
      9,
      0
    ],
    "y": [
      0,
      26,
      9,
      0,
      11,
      22,
      30,
      21,
      11,
      0,
      0,
      36,
      19,
      26,
      29,
      38,
      35,
      39,
      36,
      33,
      0,
      3,
      6,
      38,
      6
    ],
    "min_makespan": 40,
    "max_makespan": 50,
    "makespan": 41
  },
  "stats": {
    "paths": 0,
    "flatBoolVars": 380,
    "flatIntVars": 126,
    "flatBoolConstraints": 152,
    "flatIntConstraints": 391,
    "evaluatedReifiedConstraints": 304,
    "flatTime": 0.0969669,
    "initTime": 0.002962,
    "solveTime": 299.9,
    "solutions": 5,
    "variables": 506,
    "propagators": 545,
    "propagations": 869525319,
    "nodes": 14514022,
    "failures": 7256986,
    "restarts": 0,
    "peakDepth": 91,
    "nSolutions": 1
  },
  "TOTAL_TIME": 300.01,
  "solver": "Gecode",
  "model": "symmetry",
  "data_file": "ins-35"
}