{
  "solution": {
    "width": 32,
    "n_circuits": 27,
    "widths": [
      3,
      3,
      3,
      4,
      3,
      3,
      3,
      3,
      4,
      3,
      4,
      3,
      3,
      3,
      3,
      4,
      3,
      3,
      4,
      3,
      4,
      3,
      4,
      3,
      3,
      4,
      3
    ],
    "heights": [
      27,
      25,
      24,
      18,
      23,
      22,
      18,
      15,
      11,
      14,
      10,
      13,
      12,
      11,
      10,
      7,
      9,
      8,
      6,
      7,
      5,
      6,
      4,
      5,
      4,
      3,
      3
    ],
    "x": [
      13,
      25,
      22,
      28,
      19,
      6,
      9,
      0,
      9,
      3,
      17,
      28,
      16,
      16,
      3,
      21,
      0,
      6,
      13,
      0,
      9,
      3,
      4,
      25,
      25,
      0,
      21
    ],
    "y": [
      0,
      0,
      0,
      13,
      0,
      0,
      0,
      0,
      18,
      0,
      23,
      0,
      0,
      12,
      14,
      24,
      15,
      22,
      27,
      24,
      29,
      24,
      30,
      25,
      30,
      31,
      31
    ],
    "min_makespan": 32,
    "max_makespan": 42,
    "makespan": 34
  },
  "stats": {
    "paths": 0,
    "flatBoolVars": 1035,
    "flatIntVars": 136,
    "flatBoolConstraints": 414,
    "flatIntConstraints": 917,
    "evaluatedReifiedConstraints": 828,
    "flatTime": 0.122284,
    "initTime": 0.006614,
    "solveTime": 299.874,
    "solutions": 2,
    "variables": 1171,
    "propagators": 1296,
    "propagations": 991449453,
    "nodes": 18517514,
    "failures": 9258741,
    "restarts": 0,
    "peakDepth": 82,
    "nSolutions": 1
  },
  "TOTAL_TIME": 300.03,
  "solver": "Gecode",
  "model": "symmetry",
  "data_file": "ins-25"
}