{
  "solution": {
    "width": 23,
    "n_circuits": 19,
    "widths": [
      3,
      4,
      4,
      3,
      4,
      3,
      3,
      3,
      3,
      3,
      4,
      3,
      3,
      6,
      4,
      3,
      3,
      4,
      3
    ],
    "heights": [
      20,
      12,
      11,
      14,
      10,
      12,
      11,
      10,
      9,
      8,
      6,
      7,
      6,
      3,
      4,
      5,
      4,
      3,
      3
    ],
    "x": [
      0,
      19,
      19,
      10,
      3,
      13,
      16,
      7,
      3,
      13,
      6,
      16,
      10,
      6,
      6,
      16,
      3,
      12,
      0
    ],
    "y": [
      0,
      0,
      12,
      0,
      0,
      0,
      0,
      0,
      10,
      12,
      10,
      11,
      14,
      20,
      16,
      18,
      19,
      20,
      20
    ],
    "min_makespan": 23,
    "max_makespan": 33,
    "makespan": 23
  },
  "stats": {
    "paths": 0,
    "flatBoolVars": 445,
    "flatIntVars": 96,
    "flatBoolConstraints": 178,
    "flatIntConstraints": 421,
    "evaluatedReifiedConstraints": 356,
    "flatTime": 0.0830043,
    "initTime": 0.003141,
    "solveTime": 75.0657,
    "solutions": 4,
    "variables": 541,
    "propagators": 598,
    "propagations": 335853012,
    "nodes": 7423587,
    "failures": 3711782,
    "restarts": 0,
    "peakDepth": 52,
    "nSolutions": 1
  },
  "TOTAL_TIME": 75.17,
  "solver": "Gecode",
  "model": "symmetry",
  "data_file": "ins-16"
}