{
  "solution": {
    "width": 30,
    "n_circuits": 29,
    "widths": [
      10,
      7,
      9,
      6,
      6,
      4,
      7,
      7,
      9,
      10,
      6,
      6,
      11,
      7,
      11,
      4,
      8,
      7,
      6,
      2,
      3,
      3,
      2,
      5,
      4,
      4,
      4,
      1,
      2
    ],
    "heights": [
      19,
      25,
      16,
      24,
      18,
      23,
      13,
      12,
      9,
      7,
      11,
      10,
      5,
      7,
      4,
      10,
      5,
      5,
      5,
      12,
      6,
      5,
      7,
      2,
      2,
      2,
      1,
      4,
      1
    ],
    "x": [
      4,
      10,
      7,
      16,
      14,
      17,
      11,
      0,
      6,
      0,
      18,
      0,
      0,
      0,
      0,
      0,
      0,
      0,
      0,
      7,
      18,
      0,
      8,
      0,
      0,
      0,
      0,
      3,
      3
    ],
    "y": [
      0,
      19,
      66,
      58,
      0,
      18,
      44,
      20,
      57,
      39,
      47,
      55,
      46,
      70,
      51,
      0,
      32,
      77,
      65,
      19,
      41,
      15,
      31,
      37,
      10,
      12,
      14,
      15,
      19
    ],
    "min_makespan": 57,
    "max_makespan": 88,
    "makespan": 82
  },
  "stats": {
    "paths": 0,
    "flatBoolVars": 285,
    "flatIntVars": 146,
    "flatBoolConstraints": 114,
    "flatIntConstraints": 324,
    "evaluatedReifiedConstraints": 228,
    "flatTime": 0.106504,
    "initTime": 0.002444,
    "solveTime": 299.89,
    "solutions": 7,
    "variables": 431,
    "propagators": 440,
    "propagations": 713008893,
    "nodes": 15962008,
    "failures": 7980950,
    "restarts": 0,
    "peakDepth": 93,
    "nSolutions": 1
  },
  "TOTAL_TIME": 300.01,
  "solver": "Gecode",
  "model": "symmetry",
  "data_file": "ins-38"
}