{
  "solution": {
    "width": 34,
    "n_circuits": 21,
    "widths": [
      12,
      3,
      3,
      3,
      3,
      4,
      4,
      3,
      3,
      3,
      3,
      3,
      3,
      3,
      3,
      4,
      3,
      4,
      3,
      3,
      3
    ],
    "heights": [
      34,
      34,
      25,
      22,
      21,
      14,
      11,
      14,
      13,
      12,
      11,
      10,
      9,
      8,
      7,
      5,
      6,
      4,
      5,
      4,
      3
    ],
    "x": [
      9,
      31,
      28,
      6,
      0,
      21,
      21,
      25,
      3,
      25,
      3,
      0,
      28,
      25,
      6,
      21,
      3,
      21,
      6,
      3,
      0
    ],
    "y": [
      0,
      0,
      0,
      0,
      0,
      0,
      14,
      0,
      0,
      14,
      13,
      21,
      25,
      26,
      22,
      25,
      24,
      30,
      29,
      30,
      31
    ],
    "min_makespan": 34,
    "max_makespan": 41,
    "makespan": 34
  },
  "stats": {
    "paths": 0,
    "flatBoolVars": 655,
    "flatIntVars": 106,
    "flatBoolConstraints": 262,
    "flatIntConstraints": 595,
    "evaluatedReifiedConstraints": 524,
    "flatTime": 0.122457,
    "initTime": 0.005896,
    "solveTime": 116.443,
    "solutions": 4,
    "variables": 761,
    "propagators": 820,
    "propagations": 518874710,
    "nodes": 8824414,
    "failures": 4412192,
    "restarts": 0,
    "peakDepth": 57,
    "nSolutions": 1
  },
  "TOTAL_TIME": 116.6,
  "solver": "Gecode",
  "model": "symmetry",
  "data_file": "ins-27"
}