{
  "solution": {
    "width": 24,
    "n_circuits": 18,
    "widths": [
      5,
      3,
      3,
      4,
      3,
      5,
      3,
      3,
      3,
      3,
      3,
      4,
      3,
      4,
      3,
      3,
      4,
      3
    ],
    "heights": [
      16,
      24,
      18,
      12,
      14,
      8,
      12,
      10,
      9,
      8,
      7,
      5,
      6,
      4,
      5,
      4,
      3,
      3
    ],
    "x": [
      0,
      21,
      18,
      5,
      9,
      0,
      12,
      15,
      15,
      12,
      9,
      5,
      18,
      5,
      15,
      12,
      5,
      9
    ],
    "y": [
      0,
      0,
      0,
      0,
      0,
      16,
      0,
      0,
      10,
      12,
      14,
      12,
      18,
      17,
      19,
      20,
      21,
      21
    ],
    "min_makespan": 24,
    "max_makespan": 35,
    "makespan": 24
  },
  "stats": {
    "paths": 0,
    "flatBoolVars": 390,
    "flatIntVars": 91,
    "flatBoolConstraints": 156,
    "flatIntConstraints": 374,
    "evaluatedReifiedConstraints": 312,
    "flatTime": 0.0796812,
    "initTime": 0.002945,
    "solveTime": 2.93757,
    "solutions": 5,
    "variables": 481,
    "propagators": 523,
    "propagations": 14813207,
    "nodes": 306185,
    "failures": 153074,
    "restarts": 0,
    "peakDepth": 50,
    "nSolutions": 1
  },
  "TOTAL_TIME": 3.03,
  "solver": "Gecode",
  "model": "symmetry",
  "data_file": "ins-17"
}