{
  "solution": {
    "width": 35,
    "n_circuits": 22,
    "widths": [
      14,
      4,
      4,
      4,
      3,
      3,
      4,
      3,
      4,
      3,
      4,
      3,
      3,
      4,
      3,
      4,
      3,
      4,
      3,
      3,
      4,
      3
    ],
    "heights": [
      35,
      23,
      20,
      17,
      22,
      19,
      12,
      12,
      8,
      10,
      7,
      9,
      8,
      6,
      7,
      5,
      6,
      4,
      5,
      4,
      3,
      3
    ],
    "x": [
      7,
      25,
      0,
      21,
      4,
      32,
      21,
      29,
      31,
      4,
      0,
      28,
      25,
      31,
      29,
      24,
      0,
      3,
      21,
      28,
      31,
      0
    ],
    "y": [
      0,
      0,
      0,
      0,
      0,
      0,
      17,
      0,
      19,
      22,
      20,
      23,
      23,
      27,
      12,
      31,
      27,
      32,
      29,
      32,
      33,
      33
    ],
    "min_makespan": 35,
    "max_makespan": 42,
    "makespan": 36
  },
  "stats": {
    "paths": 0,
    "flatBoolVars": 535,
    "flatIntVars": 111,
    "flatBoolConstraints": 214,
    "flatIntConstraints": 502,
    "evaluatedReifiedConstraints": 428,
    "flatTime": 0.092995,
    "initTime": 0.004063,
    "solveTime": 299.904,
    "solutions": 1,
    "variables": 646,
    "propagators": 715,
    "propagations": 1466586552,
    "nodes": 22861218,
    "failures": 11430599,
    "restarts": 0,
    "peakDepth": 58,
    "nSolutions": 1
  },
  "TOTAL_TIME": 300.02,
  "solver": "Gecode",
  "model": "symmetry",
  "data_file": "ins-28"
}