{
  "solution": {
    "width": 28,
    "n_circuits": 22,
    "widths": [
      4,
      3,
      5,
      3,
      4,
      3,
      3,
      5,
      3,
      4,
      3,
      5,
      3,
      3,
      3,
      4,
      3,
      4,
      3,
      3,
      4,
      3
    ],
    "heights": [
      23,
      23,
      13,
      21,
      13,
      17,
      16,
      9,
      11,
      8,
      10,
      6,
      9,
      8,
      7,
      5,
      6,
      4,
      5,
      4,
      3,
      3
    ],
    "x": [
      0,
      7,
      19,
      16,
      24,
      10,
      19,
      10,
      4,
      15,
      13,
      0,
      25,
      22,
      4,
      5,
      13,
      24,
      4,
      13,
      24,
      10
    ],
    "y": [
      0,
      0,
      16,
      0,
      9,
      0,
      0,
      20,
      0,
      21,
      0,
      23,
      0,
      0,
      11,
      23,
      10,
      22,
      18,
      16,
      26,
      17
    ],
    "min_makespan": 28,
    "max_makespan": 39,
    "makespan": 29
  },
  "stats": {
    "paths": 0,
    "flatBoolVars": 520,
    "flatIntVars": 111,
    "flatBoolConstraints": 208,
    "flatIntConstraints": 490,
    "evaluatedReifiedConstraints": 416,
    "flatTime": 0.0940255,
    "initTime": 0.003588,
    "solveTime": 299.903,
    "solutions": 2,
    "variables": 631,
    "propagators": 694,
    "propagations": 1231553515,
    "nodes": 25528524,
    "failures": 12764248,
    "restarts": 0,
    "peakDepth": 61,
    "nSolutions": 1
  },
  "TOTAL_TIME": 300.02,
  "solver": "Gecode",
  "model": "symmetry",
  "data_file": "ins-21"
}