{
  "solution": {
    "width": 18,
    "n_circuits": 16,
    "widths": [
      3.0,
      3.0,
      3.0,
      6.0,
      7.0,
      3.0,
      3.0,
      11.0,
      3.0,
      4.0,
      5.0,
      4.0,
      3.0,
      4.0,
      5.0,
      5.0
    ],
    "heights": [
      3.0,
      4.0,
      5.0,
      3.0,
      3.0,
      8.0,
      10.0,
      3.0,
      4.0,
      4.0,
      4.0,
      6.0,
      5.0,
      5.0,
      5.0,
      6.0
    ],
    "x": [
      0,
      12.0,
      15.0,
      0,
      11.0,
      3.0,
      15.0,
      0,
      5.0,
      8.0,
      0,
      11.0,
      0,
      11.0,
      6.0,
      6.0
    ],
    "y": [
      0,
      14.0,
      2.999999999999986,
      7.999999999999986,
      0,
      0,
      8.0,
      11.0,
      14.0,
      14.0,
      14.0,
      3.0,
      3.0,
      8.999999999999986,
      6.0,
      0
    ],
    "min_makespan": 18,
    "max_makespan": 26,
    "makespan": 18.0
  },
  "stats": [],
  "model": "rotation",
  "data_file": "ins-11",
  "solver": "z3 SAT",
  "TOTAL_TIME": 3.0021603107452393
}