{
  "solution": {
    "width": 22,
    "n_circuits": 16,
    "widths": [
      3.0,
      3.0,
      3.0,
      6.0,
      7.0,
      3.0,
      3.0,
      3.0,
      3.0,
      3.0,
      3.0,
      3.0,
      3.0,
      3.0,
      4.0,
      6.0
    ],
    "heights": [
      3.0,
      4.0,
      5.0,
      3.0,
      3.0,
      8.0,
      9.0,
      10.0,
      11.0,
      12.0,
      13.0,
      14.0,
      22.0,
      4.0,
      19.0,
      4.0
    ],
    "x": [
      16.0,
      19.0,
      0,
      0,
      12.0,
      3.0,
      6.0,
      0,
      3.0,
      16.0,
      6.0,
      19.0,
      9.0,
      0,
      12.0,
      16.0
    ],
    "y": [
      15.0,
      0,
      0,
      19.0,
      0,
      0,
      0,
      5.000000000000028,
      7.999999999999986,
      3.0,
      9.0,
      4.0,
      0,
      15.000000000000014,
      2.999999999999986,
      18.0
    ],
    "min_makespan": 22,
    "max_makespan": 40,
    "makespan": 22.0
  },
  "stats": [],
  "model": "rotation",
  "data_file": "ins-15",
  "solver": "z3 SAT",
  "TOTAL_TIME": 7.86428427696228
}