{
  "solution": {
    "width": 38,
    "n_circuits": 19,
    "widths": [
      3.0,
      4.0,
      5.0,
      6.0,
      3.0,
      8.0,
      9.0,
      10.0,
      11.0,
      13.0,
      3.0,
      5.0,
      6.0,
      4.0,
      4.0,
      12.0,
      15.0,
      16.0,
      38.0
    ],
    "heights": [
      3.0,
      3.0,
      3.0,
      3.0,
      7.0,
      3.0,
      3.0,
      3.0,
      3.0,
      3.0,
      4.0,
      4.0,
      4.0,
      8.0,
      11.0,
      4.0,
      4.0,
      4.0,
      24.0
    ],
    "x": [
      9.0,
      12.0,
      27.0,
      32.0,
      35.0,
      17.0,
      0,
      25.0,
      16.0,
      4.0,
      35.0,
      14.0,
      8.0,
      4.0,
      0,
      8.0,
      20.0,
      19.0,
      0
    ],
    "y": [
      0,
      0,
      0,
      0,
      27.00000000000003,
      35.0,
      0,
      35.0,
      0,
      35.0,
      34.0,
      27.0,
      26.99999999999997,
      27.0,
      27.0,
      31.0,
      31.0,
      27.0,
      3.0
    ],
    "min_makespan": 38,
    "max_makespan": 51,
    "makespan": 38.0
  },
  "stats": [],
  "model": "rotation",
  "data_file": "ins-31",
  "solver": "z3 SAT",
  "TOTAL_TIME": 3.78275203704834
}