{
  "solution": {
    "width": 31,
    "n_circuits": 19,
    "widths": [
      3.0,
      4.0,
      5.0,
      6.0,
      7.0,
      8.0,
      9.0,
      10.0,
      11.0,
      12.0,
      13.0,
      14.0,
      22.0,
      31.0,
      3.0,
      7.0,
      8.0,
      13.0,
      31.0
    ],
    "heights": [
      3.0,
      3.0,
      3.0,
      3.0,
      3.0,
      3.0,
      3.0,
      3.0,
      3.0,
      3.0,
      3.0,
      3.0,
      3.0,
      3.0,
      4.0,
      4.0,
      4.0,
      4.0,
      12.0
    ],
    "x": [
      7.0,
      22.0,
      26.0,
      0,
      0,
      10.0,
      0,
      9.0,
      6.0,
      19.0,
      18.0,
      17.0,
      0,
      0,
      15.0,
      8.0,
      0,
      18.0,
      0
    ],
    "y": [
      9.0,
      12.000000000000028,
      12.0,
      6.0,
      9.0,
      9.0,
      0,
      0,
      6.0,
      0,
      9.0,
      6.0,
      12.0,
      3.0,
      27.0,
      27.0,
      27.0,
      27.0,
      15.0
    ],
    "min_makespan": 31,
    "max_makespan": 55,
    "makespan": 31.0
  },
  "stats": [],
  "model": "rotation",
  "data_file": "ins-24",
  "solver": "z3 SAT",
  "TOTAL_TIME": 32.98703622817993
}