{
  "solution": {
    "width": 20,
    "n_circuits": 14,
    "widths": [
      3.0,
      3.0,
      3.0,
      3.0,
      3.0,
      3.0,
      3.0,
      10.0,
      3.0,
      3.0,
      3.0,
      4.0,
      4.0,
      4.0
    ],
    "heights": [
      3.0,
      4.0,
      5.0,
      6.0,
      7.0,
      8.0,
      9.0,
      3.0,
      11.0,
      17.0,
      4.0,
      9.0,
      11.0,
      17.0
    ],
    "x": [
      17.0,
      17.0,
      11.0,
      17.0,
      17.0,
      11.0,
      0,
      7.0,
      0,
      14.0,
      11.0,
      3.0,
      3.0,
      7.0
    ],
    "y": [
      17.0,
      0,
      3.999999999999986,
      4.000000000000014,
      10.0,
      8.999999999999972,
      0,
      17.0,
      9.0,
      0,
      0,
      0,
      9.0,
      0
    ],
    "min_makespan": 20,
    "max_makespan": 34,
    "makespan": 20.0
  },
  "stats": [],
  "model": "rotation",
  "data_file": "ins-13",
  "solver": "z3 SAT",
  "TOTAL_TIME": 2.655007839202881
}