{
  "solution": {
    "width": 40,
    "n_circuits": 20,
    "widths": [
      3.0,
      3.0,
      3.0,
      3.0,
      3.0,
      3.0,
      3.0,
      3.0,
      3.0,
      3.0,
      3.0,
      4.0,
      4.0,
      4.0,
      5.0,
      5.0,
      5.0,
      5.0,
      5.0,
      22.0
    ],
    "heights": [
      3.0,
      4.0,
      5.0,
      6.0,
      7.0,
      8.0,
      9.0,
      10.0,
      12.0,
      16.0,
      40.0,
      4.0,
      14.0,
      22.0,
      3.0,
      4.0,
      8.0,
      12.0,
      13.0,
      40.0
    ],
    "x": [
      0,
      29.0,
      0,
      4.0,
      4.0,
      29.0,
      4.0,
      0,
      29.0,
      34.0,
      37.0,
      3.0,
      3.0,
      0,
      29.0,
      32.0,
      32.0,
      32.0,
      29.0,
      7.0
    ],
    "y": [
      22.00000000000003,
      8.0,
      35.0,
      7.0,
      0,
      0,
      12.999999999999972,
      25.0,
      28.0,
      12.0,
      0,
      21.99999999999997,
      26.0,
      0,
      25.0,
      28.0,
      32.0,
      0,
      11.999999999999972,
      0
    ],
    "min_makespan": 40,
    "max_makespan": 76,
    "makespan": 40.0
  },
  "stats": [],
  "model": "rotation",
  "data_file": "ins-33",
  "solver": "z3 SAT",
  "TOTAL_TIME": 4.519970893859863
}