{
  "solution": {
    "width": 19,
    "n_circuits": 14,
    "widths": [
      3.0,
      3.0,
      3.0,
      3.0,
      3.0,
      3.0,
      3.0,
      3.0,
      3.0,
      3.0,
      3.0,
      4.0,
      4.0,
      4.0
    ],
    "heights": [
      3.0,
      4.0,
      5.0,
      6.0,
      7.0,
      8.0,
      9.0,
      10.0,
      11.0,
      13.0,
      19.0,
      5.0,
      6.0,
      8.0
    ],
    "x": [
      3.0,
      3.0,
      7.0,
      13.0,
      3.0,
      6.0,
      16.0,
      16.0,
      10.0,
      12.999999999999998,
      0,
      3.0,
      6.0,
      9.0
    ],
    "y": [
      4.0,
      0,
      14.0,
      13.0,
      7.0,
      0,
      0,
      9.0,
      8.0,
      0,
      0,
      14.0,
      8.0,
      0
    ],
    "min_makespan": 19,
    "max_makespan": 33,
    "makespan": 19.0
  },
  "stats": [],
  "model": "rotation",
  "data_file": "ins-12",
  "solver": "z3 SAT",
  "TOTAL_TIME": 0.6144113540649414
}