{
  "solution": {
    "width": 24,
    "n_circuits": 18,
    "widths": [
      3.0,
      4.0,
      5.0,
      3.0,
      3.0,
      3.0,
      3.0,
      3.0,
      3.0,
      3.0,
      3.0,
      3.0,
      4.0,
      4.0,
      4.0,
      4.0,
      5.0,
      5.0
    ],
    "heights": [
      3.0,
      3.0,
      3.0,
      6.0,
      7.0,
      8.0,
      9.0,
      10.0,
      12.0,
      14.0,
      18.0,
      24.0,
      3.0,
      4.0,
      5.0,
      12.0,
      8.0,
      16.0
    ],
    "x": [
      0,
      0,
      4.0,
      6.0,
      6.0,
      6.0,
      3.0,
      13.0,
      3.0,
      13.0,
      0,
      16.0,
      9.0,
      9.0,
      9.0,
      9.0,
      19.0,
      19.0
    ],
    "y": [
      3.0,
      0,
      0,
      3.0,
      17.0,
      9.0,
      15.0,
      0,
      3.0,
      10.0,
      6.0,
      0,
      0,
      14.999999999999972,
      19.0,
      3.0,
      16.0,
      0
    ],
    "min_makespan": 24,
    "max_makespan": 47,
    "makespan": 24.0
  },
  "stats": [],
  "model": "rotation",
  "data_file": "ins-17",
  "solver": "z3 SAT",
  "TOTAL_TIME": 5.635671138763428
}