{
  "solution": {
    "width": 13,
    "n_circuits": 9,
    "widths": [
      3.0,
      3.0,
      3.0,
      3.0,
      3.0,
      3.0,
      4.0,
      4.0,
      7.0
    ],
    "heights": [
      3.0,
      4.0,
      5.0,
      6.0,
      7.0,
      8.0,
      3.0,
      4.0,
      6.0
    ],
    "x": [
      0,
      0,
      10.0,
      0,
      7.000000000000001,
      10.0,
      3.000000000000001,
      3.0,
      3.0
    ],
    "y": [
      6.0,
      9.000000000000002,
      8.0,
      0,
      6.0,
      0,
      6.000000000000002,
      9.0,
      0
    ],
    "min_makespan": 13,
    "max_makespan": 20,
    "makespan": 13.0
  },
  "stats": [],
  "model": "rotation",
  "data_file": "ins-6",
  "solver": "z3 SAT",
  "TOTAL_TIME": 0.10303139686584473
}