{
  "solution": {
    "width": 25,
    "n_circuits": 19,
    "widths": [
      3,
      3,
      3,
      4,
      3,
      3,
      3,
      3,
      3,
      4,
      3,
      3,
      3,
      4,
      3,
      6,
      3,
      3,
      3
    ],
    "heights": [
      25,
      19,
      18,
      13,
      17,
      14,
      13,
      11,
      10,
      7,
      9,
      8,
      7,
      5,
      6,
      3,
      5,
      4,
      3
    ],
    "x": [
      0,
      3,
      6,
      9,
      13,
      16,
      19,
      16,
      22,
      6,
      19,
      13,
      10,
      9,
      3,
      19,
      22,
      22,
      22
    ],
    "y": [
      0,
      0,
      0,
      0,
      0,
      0,
      0,
      14,
      0,
      18,
      13,
      17,
      18,
      13,
      19,
      22,
      10,
      15,
      19
    ],
    "min_makespan": 25,
    "max_makespan": 30,
    "makespan": 25
  },
  "stats": {
    "paths": 0,
    "flatIntVars": 58,
    "flatIntConstraints": 25,
    "flatTime": 0.0429153,
    "initTime": 0.000446,
    "solveTime": 0.40326,
    "solutions": 1,
    "variables": 58,
    "propagators": 27,
    "propagations": 260999,
    "nodes": 55342,
    "failures": 27222,
    "restarts": 64,
    "peakDepth": 31,
    "nSolutions": 1
  },
  "TOTAL_TIME": 0.46,
  "solver": "Gecode",
  "model": "search",
  "data_file": "ins-18"
}