{
  "solution": {
    "width": 32,
    "n_circuits": 27,
    "widths": [
      3,
      3,
      3,
      4,
      3,
      3,
      3,
      3,
      4,
      3,
      4,
      3,
      3,
      3,
      3,
      4,
      3,
      3,
      4,
      3,
      4,
      3,
      4,
      3,
      3,
      4,
      3
    ],
    "heights": [
      27,
      25,
      24,
      18,
      23,
      22,
      18,
      15,
      11,
      14,
      10,
      13,
      12,
      11,
      10,
      7,
      9,
      8,
      6,
      7,
      5,
      6,
      4,
      5,
      4,
      3,
      3
    ],
    "x": [
      0,
      3,
      6,
      9,
      13,
      16,
      19,
      22,
      9,
      19,
      22,
      26,
      25,
      29,
      16,
      22,
      13,
      6,
      28,
      3,
      28,
      29,
      28,
      0,
      26,
      9,
      25
    ],
    "y": [
      0,
      0,
      0,
      0,
      0,
      0,
      0,
      0,
      18,
      18,
      15,
      15,
      0,
      15,
      22,
      25,
      23,
      24,
      0,
      25,
      6,
      26,
      11,
      27,
      28,
      29,
      12
    ],
    "min_makespan": 32,
    "max_makespan": 42,
    "makespan": 32
  },
  "stats": {
    "paths": 0,
    "flatIntVars": 82,
    "flatIntConstraints": 33,
    "flatTime": 0.0433016,
    "initTime": 0.000523,
    "solveTime": 33.4275,
    "solutions": 1,
    "variables": 82,
    "propagators": 35,
    "propagations": 11119651,
    "nodes": 3402260,
    "failures": 1677992,
    "restarts": 2048,
    "peakDepth": 61,
    "nSolutions": 1
  },
  "TOTAL_TIME": 33.48,
  "solver": "Gecode",
  "model": "search",
  "data_file": "ins-25"
}