{
  "solution": {
    "width": 15,
    "n_circuits": 25,
    "widths": [
      7,
      6,
      6,
      7,
      3,
      3,
      3,
      3,
      3,
      2,
      3,
      3,
      2,
      2,
      2,
      2,
      2,
      2,
      1,
      2,
      1,
      1,
      1,
      1,
      1
    ],
    "heights": [
      12,
      12,
      9,
      7,
      16,
      16,
      10,
      10,
      9,
      12,
      5,
      5,
      7,
      7,
      6,
      5,
      5,
      4,
      7,
      3,
      6,
      5,
      5,
      4,
      3
    ],
    "x": [
      0,
      0,
      0,
      0,
      6,
      7,
      9,
      9,
      10,
      12,
      6,
      10,
      12,
      12,
      10,
      13,
      13,
      13,
      14,
      7,
      14,
      14,
      14,
      9,
      14
    ],
    "y": [
      0,
      19,
      31,
      12,
      19,
      0,
      20,
      30,
      0,
      14,
      35,
      9,
      26,
      33,
      14,
      0,
      5,
      10,
      14,
      16,
      21,
      27,
      32,
      16,
      37
    ],
    "min_makespan": 40,
    "max_makespan": 51,
    "makespan": 40
  },
  "stats": {
    "paths": 0,
    "flatIntVars": 76,
    "flatIntConstraints": 31,
    "flatTime": 0.0444006,
    "initTime": 0.000499,
    "solveTime": 0.002328,
    "solutions": 1,
    "variables": 76,
    "propagators": 33,
    "propagations": 1510,
    "nodes": 208,
    "failures": 77,
    "restarts": 2,
    "peakDepth": 74,
    "nSolutions": 1
  },
  "TOTAL_TIME": 0.06,
  "solver": "Gecode",
  "model": "search",
  "data_file": "ins-36"
}