{
  "solution": {
    "width": 23,
    "n_circuits": 19,
    "widths": [
      3,
      4,
      4,
      3,
      4,
      3,
      3,
      3,
      3,
      3,
      4,
      3,
      3,
      6,
      4,
      3,
      3,
      4,
      3
    ],
    "heights": [
      20,
      12,
      11,
      14,
      10,
      12,
      11,
      10,
      9,
      8,
      6,
      7,
      6,
      3,
      4,
      5,
      4,
      3,
      3
    ],
    "x": [
      0,
      3,
      3,
      7,
      10,
      14,
      14,
      17,
      7,
      20,
      10,
      20,
      17,
      17,
      10,
      20,
      17,
      10,
      0
    ],
    "y": [
      0,
      0,
      12,
      0,
      0,
      0,
      12,
      0,
      14,
      0,
      10,
      8,
      10,
      20,
      16,
      15,
      16,
      20,
      20
    ],
    "min_makespan": 23,
    "max_makespan": 33,
    "makespan": 23
  },
  "stats": {
    "paths": 0,
    "flatIntVars": 58,
    "flatIntConstraints": 25,
    "flatTime": 0.0437362,
    "initTime": 0.000439,
    "solveTime": 39.4974,
    "solutions": 1,
    "variables": 58,
    "propagators": 27,
    "propagations": 20759985,
    "nodes": 7423305,
    "failures": 3682075,
    "restarts": 4096,
    "peakDepth": 52,
    "nSolutions": 1
  },
  "TOTAL_TIME": 39.55,
  "solver": "Gecode",
  "model": "search",
  "data_file": "ins-16"
}