{
  "solution": {
    "width": 24,
    "n_circuits": 18,
    "widths": [
      5,
      3,
      3,
      4,
      3,
      5,
      3,
      3,
      3,
      3,
      3,
      4,
      3,
      4,
      3,
      3,
      4,
      3
    ],
    "heights": [
      16,
      24,
      18,
      12,
      14,
      8,
      12,
      10,
      9,
      8,
      7,
      5,
      6,
      4,
      5,
      4,
      3,
      3
    ],
    "x": [
      0,
      5,
      8,
      11,
      15,
      0,
      18,
      15,
      18,
      21,
      21,
      11,
      8,
      11,
      21,
      21,
      11,
      18
    ],
    "y": [
      0,
      0,
      0,
      0,
      0,
      16,
      0,
      14,
      12,
      0,
      8,
      12,
      18,
      17,
      15,
      20,
      21,
      21
    ],
    "min_makespan": 24,
    "max_makespan": 35,
    "makespan": 24
  },
  "stats": {
    "paths": 0,
    "flatIntVars": 55,
    "flatIntConstraints": 24,
    "flatTime": 0.0436482,
    "initTime": 0.000434,
    "solveTime": 3.26957,
    "solutions": 1,
    "variables": 55,
    "propagators": 26,
    "propagations": 1992066,
    "nodes": 666957,
    "failures": 329675,
    "restarts": 512,
    "peakDepth": 33,
    "nSolutions": 1
  },
  "TOTAL_TIME": 3.32,
  "solver": "Gecode",
  "model": "search",
  "data_file": "ins-17"
}