{
  "solution": {
    "width": 30,
    "n_circuits": 20,
    "widths": [
      11,
      3,
      3,
      3,
      3,
      3,
      4,
      3,
      4,
      3,
      3,
      3,
      4,
      3,
      3,
      4,
      3,
      3,
      4,
      3
    ],
    "heights": [
      30,
      25,
      19,
      16,
      14,
      13,
      9,
      11,
      8,
      10,
      9,
      8,
      6,
      7,
      6,
      4,
      5,
      4,
      3,
      3
    ],
    "x": [
      0,
      11,
      14,
      17,
      17,
      20,
      20,
      14,
      20,
      23,
      24,
      24,
      26,
      27,
      27,
      26,
      11,
      27,
      23,
      27
    ],
    "y": [
      0,
      0,
      0,
      0,
      16,
      0,
      13,
      19,
      22,
      0,
      13,
      22,
      0,
      10,
      17,
      6,
      25,
      23,
      10,
      27
    ],
    "min_makespan": 30,
    "max_makespan": 36,
    "makespan": 30
  },
  "stats": {
    "paths": 0,
    "flatIntVars": 61,
    "flatIntConstraints": 26,
    "flatTime": 0.0426205,
    "initTime": 0.000456,
    "solveTime": 0.00069,
    "solutions": 1,
    "variables": 61,
    "propagators": 28,
    "propagations": 668,
    "nodes": 73,
    "failures": 13,
    "restarts": 2,
    "peakDepth": 34,
    "nSolutions": 1
  },
  "TOTAL_TIME": 0.05,
  "solver": "Gecode",
  "model": "search",
  "data_file": "ins-23"
}